user_id,session_id,timestamp,step,action_type,reference,platform,city,device,current_filters,impressions,prices
PJT334G92IOO,a22e44ee4bf96,1541606053,8,clickout item,8444080,SE,"Washington D.C., USA",desktop,Good Rating|Focus on Distance,4049958|6732016|5622010|1991189|9291398|9073324|10352578|67021|8447548|8794060|8496738|9093244|9331972|7589698|8444080|10167368|9131586|9126760|9217764|9126546|9136832|9292894|9112456|9576924|7012922,146|113|135|141|134|141|141|142|131|125|142|98|144|114|140|122|138|126|129|111|96|106|105|138|93
KCFQV324QRJ7,c7098db950b37,1541598540,2,clickout item,152836,UK,"Leeds, United Kingdom",mobile,Best Value,152836|47823|47281|3811728|46733|1237718|1575631|4049230|941681|47529|5971434|1104484|9453632,45|45|55|46|54|52|57|52|46|52|45|45|41
CXKVVL3QEUHR,f3e9f940dbeab,1541607781,2,clickout item,19547,UK,"Dumfries, United Kingdom",desktop,,19547|388841|1387766|5925528|1259687|19544|651446|2581371|2876668|8198544|534221|1819445|6382832|46487|19545|4024910|2617989|2324886|530946|3390742|4740022|2221510|2900590|651456|19546,82|66|81|66|79|84|74|62|69|79|85|72|56|51|109|86|78|52|98|54|69|109|62|79|109
VVMDOMCKDE1L,a7f628f962960,1541650682,20,clickout item,1111345,JP,"Tokyo, Japan",desktop,Sort by Price|Hotel|Resort|Hostal (ES),5971358|4879092|8002182|106143|5203486|8738200|818476|1948245|9476172|506376|1773725|6506132|7324934|1306327|1111345|380271|1553307|9984110|2312974|9464732|7193856|7945176|1250241|9363636|1500391,80|81|83|83|83|85|85|85|85|85|87|87|87|88|90|90|90|90|91|91|92|92|92|92|94
LD6SH065ASAZ,b5123f7fb82f6,1541598383,6,clickout item,3385678,AR,"La Cumbrecita, Argentina",desktop,,2138878|3924648|4597000|4829556|7177416|4890762|4948820|9023306|6406950|3385678|7070002|4586924|2257078|4120458|3217178|3944284|9185536|3377446|3792996|7982544|4676684|4913210|8777324|4564050,48|65|77|48|45|52|62|74|70|62|61|19|35|48|35|50|38|40|43|40|44|22|55|22
LX3WOZDL987L,bc865bc6c7711,1541684501,1,clickout item,2012487,IN,"Mount Abu, India",mobile,,2012487|10370682|773488|4521040|9953998|773473|6479850|2717324|10117534|1022133|960675|1022115|2663474|9394470|1498131|3817924|7192870|5884948|1725749|5745714|1022105|1137587|773483|2628892|4663032,34|38|67|21|32|66|16|71|29|51|86|37|31|27|60|57|16|50|23|25|83|25|86|36|86
098IMPAV6LTY,b088b59320058,1541720501,1,clickout item,1149571,JP,"Sendai, Japan",mobile,,103573|1149571|1110431|1145955|1882425|1268888|3537176|1135146|1135130|1519635|1883077|1738475|1146739|992609|992681|1213584|1178982|3862664|6809118|3537460|3537666,718|633|147|809|510|386|111|408|563|140|88|104|120|477|404|447|663|562|52|819|562
L0466GSEN3MJ,e54aee444e35e,1541555605,4,clickout item,517571,AR,"Puerto Iguazú, Argentina",mobile,,2556593|5970378|1104184|1216944|517571|2634882|185301|6235440|165124|183266|164405|2123814|5076640|1841929|1544745|1997851|3493644|3876956|3916290|2812750|2791019|1389604|5110730|2635950|1021807,100|30|177|54|39|121|169|203|82|102|369|67|105|49|60|25|105|71|50|24|42|134|53|29|257
7082VJ1591S4,cc7c1960cff51,1541625010,1,clickout item,114747,US,"Westminster, USA",desktop,,67111|5824446|65652|5820042|375766|79910|3166037|375961|114747|316851|58912|70482|447146|2889729|79555|1947561|138745|318321|6480840|140802|78043|14795|918199|59149|59830,83|54|86|52|58|70|51|58|94|78|67|87|54|74|78|78|94|60|130|152|113|112|99|130|130
UIG40IYQOCLI,ccd241baff1ad,1541716544,9,clickout item,1886927,BR,"Foz do Iguaçu, Brazil",mobile,,10897954|128516|312841|894179|2095326|1031614|1194224|104964|107120|323951|1543335|1332698|1555573|1500421|1244855|478776|2423010|4335132|1656747|478326|2004819|1886927|1050848|6377764|2772308,134|256|112|253|85|120|112|516|148|113|382|151|100|70|111|74|62|74|74|100|64|75|82|125|107
ZRAXCGF6V5V2,1080928ff3c42,1541629426,19,clickout item,7722546,US,"Florence, Italy",desktop,Car Park,20778|99589|83606|904227|21040|45869|148407|7722546|847896|2412336|20782|20956|21000|20763|20914|955445|1150955|3192410|20760|24098|2244304|20898|3381952|896855|5657588,58|39|57|49|41|35|51|40|51|47|44|41|53|46|52|43|56|57|30|53|44|46|52|45|57
Z2S7HG02LRQR,216bbf0cd60fb,1541585918,3,clickout item,45372,IT,"Verona, Italy",mobile,,1028644|45372|20137|2859663|20139|20145|33191|20138|20141|20154|9129490|20165|953107|20160|951705|20166|20175|1322096|20148|7771802|5107302|20157|6772344|1207562|8169012,110|65|193|130|155|145|74|378|152|74|99|169|155|237|70|81|76|260|93|80|147|115|170|170|148
QS8YWOK4GQ69,7176269eabdac,1541647145,2,clickout item,7874492,JP,"Izumo, Japan",mobile,,7874492|4541228,185|477
MXSZ2S295YF1,55a127cf8dbf7,1541580024,2,clickout item,1423358,FR,"Paris, France",mobile,,48650|6002460|1423358|49685|82322|82291|129443|2300692|17905|12245|50656|82429|1816653|5195314|1216234|12054|8956470|866781|1771499|3142868|12142|12033|2759296|12201|49865,199|492|200|219|302|185|209|126|221|246|89|209|207|205|297|171|200|145|253|235|191|234|360|188|204
POH71K88AGYT,d91dc4f2f5e3e,1541552022,82,clickout item,2317204,BR,"Uberaba, Brazil",desktop,,513651|2022527|2028073|2029345|3842562|2053846|2817472|2317204|1450583|8391512|3811324|4417660|7958834|2029823|2454174|9695040,32|43|36|30|35|38|34|38|54|86|34|42|27|34|58|46
TF083HACMTP5,cf080d494088b,1541673604,8,clickout item,1001685,BR,"Campos do Jordão, Brazil",desktop,,2261054|1815907|1823121|1001685|8973778|1653331|1668663|1831529|1391336|1995165|1522851|1621337|1813493|7264028|5411730|7320010|4414714|1483031|7105938|2781425|3753880|2846942|2579602|2153288|3500566,62|126|72|92|26|135|50|109|40|44|70|109|89|132|47|72|77|92|78|50|95|38|56|78|65
820DG98BKIRI,d2a41997a2a4c,1541695348,2,clickout item,437751,MX,"Manzanillo, Mexico",mobile,,437751|42996|43030|34295|370256|42406|1473593|944763|2396274|1333662|42520|3243960|42787|42461|3484124|2566534|2054338|2681652|944745|114260|3582962|1292688|3242723|3886050|1353140,101|143|72|109|87|38|33|72|46|50|82|77|34|53|24|103|26|17|28|100|32|46|46|33|27
UFGPHF1NMS8L,1c2bd9e678e85,1541685473,10,clickout item,6338162,CN,"Kyoto, Japan",desktop,,9647696|1250323|10237746|4594114|7844398|5967002|8936122|2430722|1250333|7722430|9608724|6338162|1016843|2178604|3134798|2155996|3499212|8444260|1250315|942149|7019002|5522936|9634606|6397454|9649348,38|66|57|49|62|60|62|50|66|61|39|46|57|50|44|46|57|62|62|61|59|66|45|30|36
S957PAQW4NJ5,d9490865cd642,1541597626,9,clickout item,127636,FI,"Hämeenlinna, Finland",mobile,,370831|127636|1133247|2174724|10092120,216|205|140|110|98
1W8KI2JQB2BI,34a3691ce67d3,1541696956,6,clickout item,1904307,BR,"Colonia del Sacramento, Uruguay",desktop,Very Good Rating,2224570|152247|1904307|373681|2251148|1962627|1954643|1235780|1103432|1947607|381266|976633|1947529|976637|2589994|976641|9357780|9000824|2755806|4815006|813011|9375530|8950790|9675242|4784242,109|107|80|123|135|74|115|70|135|133|144|122|83|74|79|112|74|81|61|79|83|71|127|48|61
CU23K03NQIFJ,461a3af7e4a54,1541669992,1,clickout item,2841527,IN,"Katra, India",mobile,,2841527|4609984|4657108|8445618|2662770|4958022|2662792|3753642|4965208|3134190|2662823|1515321|8951988|2662780|7329490|2662854|2127188|10595878|4551448|6776896|4634626|1401444|2641734|4516152|1515339,17|9|11|32|34|6|11|9|16|27|11|25|6|17|30|11|26|23|13|33|19|45|25|13|67
U0O8PTRP530F,4f3dd2267b604,1541706262,12,clickout item,1343950,US,"Otter Rock, USA",desktop,,360176|10265834|1005285|1467317|10405852|950639|3137392|64022|3501532|66282|2342714|1425604|8981050|2831200|10480496|1291802|1343950|2628580|2628574|129229|5097412|10152832|619696|129188|5110958,79|123|342|69|158|53|179|89|78|91|116|148|61|132|66|57|69|91|89|74|145|57|122|123|100
F8Z8GA8RT2JN,c815de4cc6f4d,1541613240,5,clickout item,22723,IT,"Turin, Italy",mobile,Car Park|Sort by Price,22913|22757|22883|2150632|22723|2322608|150825|22725|22705|22861|22772|22767|22853|1965717|22727|22714|22721|3067559|1478189,50|71|75|81|165|165|219|256|276|297|355|389|400|404|406|410|522|785|892
DHYK9X27W3ME,77d5614b11f7c,1541583283,2,clickout item,894629,UK,"Lincoln, United Kingdom",desktop,,894629|10566238|9756954,308|398|300
J1OB1I3CLA1J,4c5eaa312e797,1541605639,15,clickout item,7066290,TW,"Renai Township, Taiwan",desktop,,2051935|1981591|2856607|1908423|4731406|5740296|4102716|2013211|7066290|1981601|2207094|2207096|4135332|7685376|7685910|7688492|7689048,69|203|72|102|82|71|108|199|57|114|227|199|142|71|91|148|128
VSKLXIIW4EF1,c22d92134a7be,1541592833,3,clickout item,4001134,DE,"Los Angeles, USA",desktop,,4001134|3971584|5976956|1018443|8991144|7364926|3478206|3152024|1332344|7948|4673964|3177254|94881|7234100|7002320|4642038|7945|3152026|7961|95123|6724156|8641608|3864078|59458|7017534,162|162|156|306|188|229|162|211|734|185|218|252|126|230|121|207|221|238|166|216|72|212|275|163|406
EXYKMWCJSEKX,7fb08b026b04c,1541681607,6,clickout item,3488848,CZ,"Pomorie, Bulgaria",mobile,,5624308|512761|3488848|4489110|95419|6863314|939680|5526226|2671878|10623280|2732524|5754770|10571786|2777820|2015591|6379170|1527719|1527943|6452124|3210816|4000702|6378240|4008222|4699688|3970216,64|77|53|87|45|52|289|59|49|54|75|61|55|30|95|63|50|22|64|48|67|37|43|49|44
HWLVS27HOHC1,96bf132ca5982,1541594497,8,clickout item,2101606,DE,"Bardolino, Italy",tablet,,123447|2144070|5477536|1359580|7982604|1160137|1440105|998431|2615201|8120226|1560321|1855857|9014384|1504425|4710942|1199708|2615194|1856941|1482345|9484906|2101606|1594753|123821|9675828|118585,215|262|116|162|245|160|172|189|187|364|208|122|262|199|172|132|162|144|177|172|92|206|96|206|126
7FF0LO6R3U0X,8b03a4b680620,1541684260,3,clickout item,899277,DE,"Cologne, Germany",desktop,Car Park|Breakfast Included,148830|100427|50872|6457|6453|6441|51463|148839|107590|6452|53552|899277|1254875|772033|6455|245091|51076|148820|6475|6491|1257155,121|164|150|168|164|145|173|156|200|167|182|138|170|186|186|171|87|106|117|110|117
ZS758641324R,bd4e9243d5be2,1541663379,39,clickout item,2764895,RU,"St Petersburg, Russia",desktop,Free WiFi (Combined)|Focus on Distance|Hotel|Motel|Resort|Hostal (ES),10601182|8912986|1632277|350776|5126400|2764895|2682818|3135736|8221966|3853974|3385782|4016868|6030344|2009719|4021872|3515392|3920726|2612616|100893|10119340|3943560|1831059|8916196,15|17|13|13|11|11|15|15|16|15|13|11|11|16|16|16|13|13|16|13|14|6|10
EKRUSQ1ZXAH4,1382cbd8e5817,1541627900,70,clickout item,641856,IT,"Rimini, Italy",desktop,,464881|21655|484886|21420|1270606|22356|2256658|21607|21822|1473675|3125574|22418|643656|21863|21610|82674|1083712|21809|22312|21897|21634|3813076|930285|82673|641856,384|80|487|153|419|61|268|23|38|37|66|36|26|23|78|31|32|64|59|192|24|94|42|61|40
NPU9ORUN2QM5,28089822ed78f,1541659601,3,clickout item,1707137,JP,"Atami, Japan",desktop,Pet Friendly,5074022|2109820|3543498|1939595|3543328|3543150|10601614|1028048|3889820|3543082|103632|2638258|5762936|3539776|8193044|1707137|8778462|8128304|1585729|1009607|5198002|948165|8327540|1009573|5096108,366|385|976|806|590|468|168|1036|561|906|2457|306|163|942|1543|161|262|142|1197|1698|1201|2028|4350|1810|2070
3HB3H1V9BIAF,9b9b3c4b89da7,1541581451,1,clickout item,3196155,AU,"Margaret River, Australia",mobile,,1190560|105419|109112|4038838|3050605|1931811|1019923|3767210|1434138|109111|1420257|508631|1961385|105315|3200480|1979427|326176|105444|9209410|1428138|2097580|1282240|1019927|1019921|3196155,108|127|127|72|96|184|196|127|150|202|85|142|108|110|153|111|912|88|95|114|136|63|117|123|103
G0REYW0XOZFZ,c62da2e0e85b6,1541559578,6,clickout item,150157,AR,"Rome, Italy",desktop,,17171|6304234|2238866|2149492|150157|4960220|153567|17056|3811828|17193|16936|1890287|17403|16938|813461|4018664|17252|2084516|3162636|3188920|7032768|16828|153556|2838056|4077302,23|21|30|30|21|27|77|98|76|112|60|107|170|59|129|121|66|132|38|234|49|74|121|73|67
1NRS3M52TG1A,4decb35f84103,1541712868,4,clickout item,4869584,DK,"Flensburg, Germany",tablet,,6617|9180908|141272|2006451|1361562|163588|4586578|4869584|129883|6616|6615|3055162|1439489|1689509|4018636|1140768|5430038|161216|4857494|939170|9609626|8986642|6193146,205|90|90|46|110|145|59|69|107|89|121|101|65|49|174|66|174|92|174|69|75|74|75
16QF4K5VPEUA,1a67e70af9681,1541697646,2,clickout item,34598,ZA,"Stormsrivier, South Africa",mobile,,1567783|34598|1049764|2261918|1248332|3404494|2079456|6475166|585186|2569640|1860827|6468116,69|98|48|77|37|65|53|50|101|106|220|137
5IFHWSZ49196,acd320fb647fa,1541608878,14,clickout item,101127,BR,"Lima, Peru",desktop,Sort by Price|Hotel|Hostal (ES)|Good Rating|4 Star,101127|107744|1776065|101122|107250|3441802|1768705|963531|107209|105761|624501|101140|1095070|6276188|102990|101149|4490372|2160686|2834354|2154324|101120|101146|107718|10673158|2775694,13|37|42|54|66|66|69|69|70|71|76|82|83|84|86|89|90|92|96|97|99|101|104|109|115
1M07EP52Z8WX,37c4c296aca01,1541580367,2,clickout item,6861464,PH,"Baguio, Philippines",mobile,,2212566|6861464|1851073|1755329|2212472|3810902|2292154|8748012|1983615|997591|9184454|1358678|320801|9433256|5849954|2641814|997621|997601|1357603|1982309|528971|5452706|9171490|2787204|3835812,99|48|53|39|75|54|72|38|39|46|36|23|58|46|119|22|35|63|41|37|24|155|9|38|56
14BDS276YZX4,25d84102bf91c,1541603233,2,clickout item,2883002,PL,"Szczyrk, Poland",desktop,,2883002|4002190|2578719|2799890|2861154|2833480|4003732|3936526|4973298|7040828|4960146|2332404|2365074|4979282|5163742|5165818|7965154|8188722|2335054,37|37|31|33|23|28|28|21|35|36|30|23|27|28|20|30|19|23|33
4KRVCQP7JX8P,c71a8457af641,1541694104,4,clickout item,46272,UK,"London, United Kingdom",tablet,,149135|664366|3218556|3859040|2429264|1535885|18410|46686|2195678|46305|46985|46284|12695|4080766|9370388|46272|46694|32801|1670405|46552|2552990|8179780|48161|12640|5817162,285|331|655|356|207|365|284|196|269|348|387|471|407|574|279|232|348|325|578|601|273|356|1620|680|480
TM6Q8TBRL28N,95c9830eb116a,1541593976,17,clickout item,1270736,US,"Istanbul, Turkey",desktop,,1270736|1822061|921911|926961|1246947|5512194|37518|37541|37577|80182|148735|1445351|1559201|1847987|2623190|3176676|3205032|4414636|4573750|5103394|5178500|5479072|5750112|8512958|10041782,25|91|52|53|44|24|128|309|55|94|109|82|44|88|124|148|92|46|47|42|48|32|108|48|53
P6UNTALGVJ5L,bc96207b5f2bc,1541553228,1,clickout item,2530750,UK,"Liverpool, United Kingdom",mobile,,2530750|2707162|12620|706646|934069|18913|18904|12618|46597|47045|1554463|47392|5414344|1237259|3252506|2518208|2627670|1257765|18910|1320620|137552|1889613|1446441|1311719|106131,44|68|44|98|78|44|75|86|93|57|61|81|86|85|92|72|45|99|88|133|52|89|72|81|51
ZP22XQNGCY81,c69a4164e3e0c,1541637415,1,clickout item,473816,MY,"Singapore, Singapore",mobile,,473816|4995818|40883|1834833|2831256|13734|40921|40934|1833933|3532564|3835464|40927|40892|40887|15113|2553292|40899|3367468|689236|40895|15122|2554490|40879|1153350|40881,76|78|113|96|85|250|271|207|134|212|129|141|91|186|116|218|332|164|87|114|138|105|112|104|223
TCOREQHR04LM,e4c2eac52a415,1541586361,2,clickout item,22105,IT,"Rimini, Italy",mobile,,22105|23781|108245|195881|464881|736176|108631|22356|21655|783296|108207|21607|21822|443721|1369179|23757|3125574|82674|3813076|943785|23761|21897|23973|1220860|21809,35|89|143|77|390|71|87|68|106|87|73|28|41|84|90|58|68|30|80|50|70|173|50|44|72
S8HO00BK9OEI,4542d81351357,1541714241,115,clickout item,48146,UK,"Worcester, United Kingdom",tablet,3 Star,19194|2898818|19192|1362616|19197|1714143|1736629|636861|520116|343536|6918518|2628950|19203|48146|5075276|19202|5788414|1068900|5705406|1648463|1357759|3893060|1840407|1487737|1840191,144|87|82|78|80|85|63|98|82|102|172|133|89|55|112|75|144|80|88|69|121|99|92|109|92
4PR42KK8C4AC,1668c071fc3f7,1541643185,113,clickout item,1992235,CA,"Marrakech, Morocco",desktop,Sort By Rating,1262425|1276832|1473727|1691889|1709489|1837635|1992235|2174022|2198728|2311814|2328310|2441010|2557598|3190354|4199536|6964004|801026|909343|979983|979999|1088672|1106176|1109455|1197582|1251805,24|93|154|59|91|48|90|86|54|228|72|115|500|85|130|50|77|83|73|90|68|63|389|77|47
ZOXRZAY4TZLI,cdf9effe4abbc,1541687078,1,clickout item,4342356,DE,"Brunswick, Germany",desktop,,4342356|15540|5751174|335331|14039|106255|7817540|14035|16223|53794|15798|52533|51124|2725595|98002|152082|165161|50953|4223140|147827|15758|14040|14032|14861|16157,75|100|67|62|71|100|66|88|140|89|79|94|74|69|60|61|98|88|69|75|89|63|100|56|76
FLFGCHA1GMM7,e3aab82c9a368,1541710822,259,clickout item,36455,TR,"Ankara, Turkey",mobile,,36455|151827|36453|107368|3554146|4572856|6340020|391486|5081140|1737327|1510073|9374742|933451|6533954|5190894|3501540|80225|5798414|147277|3756812|3818880|3484880|4087282|25955|1511181,40|27|31|17|65|46|54|63|38|27|27|17|45|33|26|42|78|29|86|21|67|54|24|71|60
9A8RNAIHBJI0,91106d08a4dbe,1541575015,2,clickout item,1953989,TW,"Jiaoxi Township, Taiwan",mobile,,1344698|1953989|6623568|3184354|8259876|1985637|9618334|1182166|5470334|3056131|5416892|8300490|5849566|4575236|1702203|4962188|4627894|7343472|1741619|3980054|4626294|2601014|8335910|984091|4925410,278|176|60|82|102|68|136|72|93|51|68|51|45|85|111|127|39|59|72|103|34|122|150|36|114
CVVF40K5VH4W,5504c2cfefdc0,1541652463,6,clickout item,77090,CA,"Fort Lee, USA",mobile,,72586|77090|9450000|9560036|3812612|70187|60024|8646|5649634|8766|8648|900571|78458|56586|8838|1211182|8756|1346994|8758|9096474|358596|58229|8723|4593172|4349474,512|178|172|328|475|244|82|761|172|1113|1382|212|107|3845|1538|212|3447|155|474|699|282|167|814|685|1547
K64987FSRFBQ,ead2d6ed1adc6,1541600791,1,clickout item,3817880,MY,"Batu Pahat, Malaysia",mobile,,1587291|2106342|2107864|2199546|2377984|2665364|2856409|3226471|3760778|3809842|3817880|3835794|4684702|4781374|5085100|5478026|6008166|9200640,91|58|43|40|62|42|37|38|40|49|48|46|45|36|30|35|33|84
IPSZPFFJ47JI,757784cbeb1c0,1541699066,9,clickout item,1557465,DE,"Vienna, Austria",desktop,Sort by Price,895601|1698675|1321907|1557465|6102938|1728273|35716|35601|14805|4809644|35640|1771297|3500330|449666|7671762|35740|2283714|2438679|10862382|2631802|7368522|10101324|2055984|10180830|3486910,37|48|57|63|64|66|69|71|72|73|74|74|74|76|76|77|78|78|78|79|79|79|80|80|81
2BFZJ1V4UTXQ,47c455da397bb,1541690801,2,clickout item,4480268,IN,"Nagpur, India",desktop,,4480268|9951962|3199934|9834362|1912319|10646614|2319364|4013454|8489466|8160642|10599910|8230216|1023273|10648350|9322818|2701858|8947372|6636224|586271|10045322|8968072|9837500|7710630|10602534|10643926,26|56|27|20|50|34|96|64|30|38|39|51|33|31|28|36|34|29|64|22|24|39|34|33|25
90P4PGC7YPR4,0302d88066215,1541588903,5,clickout item,2057578,IE,"Nerja, Spain",desktop,,123947|7178|115194|110714|106019|97587|149571|110712|121653|40677|112214|131921|1179576|6730|94043|4028386|147233|128243|2057578|6729|114631|1884797|97650|759161,72|82|134|197|76|108|68|169|109|97|73|178|47|73|93|157|55|54|58|61|42|39|56|60
EXD592IBKANJ,a8582baad5bb5,1541559703,2,clickout item,4342274,JP,"Tokushima, Japan",mobile,,4342274|1023888|1520561|3811618|5817358|103530|3863236|8410224|5661672|1023906|5822680|3546170|3829858|6639240,76|360|275|68|71|194|90|36|102|481|71|29|481|33
4P02L4B1AHLB,a4a32cc40222d,1541625470,1,clickout item,71935,US,"Philadelphia, USA",mobile,,71935|61381|56220|67493|65170|67636|5965756|33289|60137|67806|6477354|79301|63490|72588|115632|77606|149880|71933|14548|1273290|73629|3183602|77302|2529626|65022,126|174|157|136|290|174|156|130|180|188|279|165|128|120|193|213|149|168|148|235|139|156|211|169|104
9AOJFGJLKRMN,20f6c7672689a,1541583934,22,clickout item,7783334,JP,"Nagoya, Japan",mobile,Sort by Price,1213782|2229780|7783334|1023165|1023183|1023177|1023185|4343940|3811570|2338036|383661|2100594|889569|10601074|6261416|518371|4445842|7335206|8135592|103534|5773404|106493|9885284|980703|10067460,31|36|37|37|38|39|39|39|40|41|42|42|43|43|43|43|43|43|43|44|45|46|46|46|46
HBJDKEQAI6P6,b8e2b478cc484,1541673337,1,clickout item,3828414,TW,"Tainan, Taiwan",mobile,,3828414|10120312|887149|836516|971937|2905476|3132972|3365314|4357174|1923113|796386|955069|4114408|955061|1056374|6720422|5193586|4455032|8250890|5467404|3524254|3860938|5085992|2049955|2158358,19|18|22|92|155|40|126|96|40|17|164|80|19|29|63|43|69|84|66|148|68|57|38|48|20
V349B0RRK4UI,2d051d0cb2ae8,1541709776,3,clickout item,9853,DE,"Frankfurt, Germany",tablet,,148455|53165|9853|1178118|6399942|1245125|9353328|5980|51260|5955|5959|52939|1346127|10105050|136158|50859|8284096|5956|15378|52800|129412|7842988|1951209|338501|5957,93|83|87|220|88|112|91|62|78|100|136|114|109|70|270|115|85|117|100|102|171|51|82|84|98
NW73B65DSTL2,684828b3193f3,1541555222,25,clickout item,7117,CO,"Madrid, Spain",desktop,,7117|8511670|40141|1980819|15658|1220378|6625692|149224|149242|40735|3054421|80873|40467|1220408|40340|7108|8941354|709146|7122|7131|7364186|40155|6421400|7842760|161196,81|190|90|84|123|135|111|110|102|86|123|92|145|105|97|133|227|56|106|115|209|131|167|80|56
X0G9Z2PLE66S,9489e6d5f91e0,1541594581,5,clickout item,2787416,PH,"Tuguegarao City, Philippines",mobile,Hotel Chain,2211916|2848362|2603357|6312738|2787416|2760253|2338960|8282372|3785124|6411068|10452364,30|24|31|29|16|35|9|24|15|18|18
00L6GHO1D3V5,60009351e8dab,1541705746,12,clickout item,87738,FR,"Ciboure, France",tablet,,87744|1059804|87741|921283|87738|2069404|10840490|10270902|9523978|10063376|4521468|6852610|9636108|7998576|7996088|8776602|5475876|10819512|10835918|10844360|10847140|10850504|10933938|10858228|5670850,66|54|90|72|52|96|140|96|72|165|165|165|118|93|54|58|134|45|56|73|124|245|79|87|59
XS678EZ5P43D,633b6603981d4,1541592204,3,clickout item,384016,FR,"Saint-Gilles-les-Bains, Réunion",mobile,,384016|447911|6703192|4566912|320511|390291|569121|456116|1737525|4639158|4599862|9242196|9190196|9689194|9291048|10651396|6802706|9954848|9648328|10764144|7740192|5817682|2632250|8694252,184|118|41|152|448|465|136|189|121|80|110|70|72|212|750|209|414|1614|269|172|80|120|117|314
KZUH5SPPUDH1,145e5407f2a68,1541683242,4,clickout item,1625553,JP,"Nikko, Japan",mobile,,1024884|1024886|1024866|1550897|2711302|1941615|2023683|1625553|1424983|2779384|3538978|2165224|2624372|6312752|8150654|2165232|1771487|3075651|4708470|3539282|1999085|4761262|2180616|1024846|2248660,220|293|465|123|83|366|332|523|538|167|261|246|358|274|139|299|169|75|316|116|169|91|85|96|151
VTWHBR5M8020,47a0548648cbc,1541690996,2,clickout item,1711165,BR,"Garanhuns, Brazil",mobile,,5723880|1711165,62|77
M45J7GP4FV5J,0c0ce4552ad50,1541710052,29,clickout item,2749049,UK,"London, United Kingdom",desktop,Sort by Price,2749049|7929252|47195|4207122|6535552|1032962|1167758|46683|47124|2289816|2381174|10551950|47326|12693|2208824|1330576|46845|124812|5123540|47012|106567|9251146|397771|3749744|18406,98|98|99|99|100|101|101|102|102|104|104|103|104|106|106|108|109|109|109|111|112|112|114|114|115
9S46J6AGT0L3,f8a8ca694aa8c,1541634100,1,clickout item,2864228,AR,"San Juan City, Argentina",desktop,,1961507|1345674|1513211|3924236|2717508|963015|3242569|324561|1495011|1665139|6446022|2442498|4046184|2864228|4397544|1622023|1635661|5433202|1043960|1084358|11277864|10632306|9511414|9600518,43|34|103|18|44|34|26|43|31|37|57|52|18|43|57|49|28|39|16|44|96|58|52|26
4P1LMLIM429I,6759167f943cb,1541711661,7,clickout item,94093,SE,"Playa del Inglés, Spain",desktop,,7303|94093|95046|122967|7319|7279|95196|15712|82050|94096|15679|7318|1053906|40011|7287|160685|7280|94588|128266|7295|7290|97520|94089|7281|128531,96|80|91|286|389|229|147|245|287|247|311|305|150|247|333|282|214|268|146|313|232|152|237|251|139
Z19NPUUDDD4A,69e105de2f7d4,1541663073,7,clickout item,1047070,JP,"Sendai, Japan",mobile,Sort by Price,7414198|2201110|2377838|1855725|7414248|3888738|1047070|8478098|103573|1135138|1110431|2217132|1268888|4094266|1178982|508026,50|103|106|123|154|169|229|231|239|283|291|324|331|416|549|616
V4RNQVW99D5E,00c75cd2a6332,1541552489,2,clickout item,1532379,CL,"Santiago, Chile",mobile,,1532379|194326|323726|327131|609391|853361|3131705|3139282|323791|2736952|194286|4637864|2325624|529011|3107980|323826|155723|172667|4898318|1209052|155596|3133294|2340906|1288342|1369336,88|157|107|81|47|78|110|63|78|108|191|83|120|97|78|117|118|140|103|94|104|98|68|52|108
DE2QENY0L7AU,bef31e8b22242,1541703822,14,clickout item,617386,AR,"Beverly Hills, USA",desktop,,14799|9730|7912|923399|119314|55612|617386|8085|57507|62570|1290172|7949|59240|8080|13826|56546|67065|15016|60212|73562|57886|60363|66733|5657858|57194,202|176|214|481|525|195|169|388|247|191|309|307|412|314|185|226|291|469|225|167|251|194|164|255|193
BON7JXD54KBF,6349e39a053ab,1541632909,1,clickout item,4889396,US,"Savannah, USA",tablet,,4889396|385236|3130596|62719|57747|72516|441341|66872|5738214|882483|1258418|1460129|64837|356906|76149|60707|5855446|983141|448461|1083028|55925|1446583|1353602|65038|63605,327|341|430|269|436|401|363|173|296|243|611|347|348|261|331|146|243|261|1278|453|447|292|453|413|199
4D3U7ME5FPXU,3cae618f74665,1541694002,18,clickout item,5500268,IN,"Reykjavík, Iceland",desktop,Focus on Rating,3757476|104095|97026|102361|5121656|854516|2733946|102366|6694032|5500268|2081670|4289728|102359|3367414|102351|1537811|2175668|3894914|102355|1838891|2052209|937405|102348|3091758|951051,140|177|149|140|258|165|253|173|230|108|184|166|185|166|125|115|106|170|264|121|149|133|123|116|150
E380XN056SWC,6c0efe927a3af,1541624056,8,clickout item,1320002,UK,"Berlin, Germany",mobile,Hotel|4 Star|Focus on Distance,1186384|5121788|5644|1320002|5615|5666|5635|52425|5693|1711789|2868161|52314|1943683|1622549|5585|5753|2035433|5532|5910514|5561|14495|5712|3473704|16467|5569,121|135|119|144|109|131|108|167|133|121|131|94|250|141|136|90|130|132|119|83|130|134|94|165|96
Z6EHV4OBM071,d8ab480f12b3a,1541614783,1,clickout item,962075,BR,"Morro de São Paulo, Brazil",mobile,,962075|508116|887399|1240909|1814881|1406184|1708731|5964878|2424791|5614420|3242950|131298|2087440|2756421|2353034|508696|8189796|1995249|2555316|7847620|4279910|1773599|1655703|1045690|753741,83|105|71|104|84|120|125|90|138|109|94|140|70|71|103|86|52|12|74|44|75|83|113|117|51
E59GMS3JZVYE,24e52fcfb33e9,1541579860,46,clickout item,25955,TR,"Ankara, Turkey",desktop,,5455356|996701|2432156|147276|25955|5190894|935753|36453|1310910|1625365|6449718|36470|4087282|1584361|1099020|1773777|6458502|5746558|986837|1967765|4621660|3853062|80302|151828|2421489,40|59|60|67|78|38|33|52|50|48|77|71|52|43|37|71|64|84|70|19|42|45|77|50|69
BQ934E82P4H9,4e3c6cd103a97,1541695886,65,clickout item,9055008,DE,"Cologne, Germany",desktop,,6487|6478|6487930|9055008|6465|52014|6464|6447|6435|15202|50872|52186|139574|434356|14944|1361626|655926|6437|6446|972075|1106606|464641|53323|50920|6480,69|48|84|63|99|102|78|144|147|110|108|57|86|77|129|138|93|216|181|62|101|60|73|46|103
V4ZN562EKD8H,c67372f9b0de5,1541720562,5,clickout item,3152417,US,"Buenos Aires, Argentina",tablet,,171677|838166|1305423|882243|157506|4377094|3132785|152116|6272982|945211|363371|219001|3152417|6953178|158526|157501|3954176|9685764|3133008|2282754|324791|188006|2045679|5825634|1532347,100|129|56|76|45|84|86|56|85|94|72|126|83|175|105|88|77|81|139|85|82|60|58|103|76
SH5E2LM9A85Z,44de81c50cb96,1541552254,15,clickout item,1021779,CA,"Montréal, Canada",mobile,Spa (Wellness Facility),1021779|43371|44548|44493|44372|44922|6847198|2753088|43946|43822|9786608|88688|44237|44781|43770|43651|43528|44112|44829|44422|43360|149444|4738464|44790|153125,117|124|139|84|182|167|215|122|177|101|172|161|418|266|161|85|126|221|219|167|164|144|175|124|153
X0PZ69926C0I,2541007769665,1541672720,2,clickout item,47812,UK,"London, United Kingdom",desktop,Sort By Distance,47126|47324|18378|18428|47672|47812|1216900|12690|12692|18376|98736|901005|1659791|2112324|5475026|18385|18416|18433|18458|46353|48166|98775|149032|152925|597461,618|400|503|527|442|555|455|688|334|484|316|232|473|322|238|953|391|471|419|422|626|436|403|496|202
4SH2315IM629,cbb189eda5fb9,1541625039,3,clickout item,40832,ES,"Seville, Spain",mobile,Breakfast Included,80884|7452|7466|40124|40485|7464|7458|81006|1411963|40580|6861330|40832|150444|7465|40732|82256|39954|40672|760841|7457|1490993|80911|40222|40532|2526984,125|126|121|173|132|119|129|132|87|150|163|100|157|95|83|103|118|241|79|128|161|141|121|145|112
1MH57BYW8ZNX,01c1fad55d35c,1541685559,2,clickout item,57716,US,"State College, USA",tablet,,74082|5791486|63236|77424|2652830|2053075|58541|360236|64140|1306492|57716|66506|78597|376281|79610|57423|75119|78342|63197|73689|2569222|63971|198711|56055|2686108,89|122|78|82|109|95|69|113|62|87|148|70|66|87|113|94|97|107|178|122|34|95|104|122|58
1IXJ8XW4R4S3,f93e6b7c5adc9,1541553550,4,clickout item,138567,CA,"Banff, Canada",mobile,,44247|44404|44394|44496|44904|44289|138567|44288|44292|44391|974755|44163|1253177|914037|43764|44279|6001716,133|200|249|200|223|186|145|266|300|159|99|271|114|191|346|325|266
PZFM9R6PXNJS,f0a73fe829251,1541572967,15,clickout item,11902,JP,"Paris, France",mobile,Satisfactory Rating|Free WiFi (Combined),11902|11904|11937|11889|11892|11898|11908|11913|11914|11930|11933|11943|11945|11949|11950|11952|11957|11960|11962|11964|11974|11984|11985|11995|11997,112|96|110|121|137|111|133|123|125|101|87|118|109|84|87|77|121|117|132|123|133|93|131|131|135
4IEVX87ZYQKR,9a8c23722f6e4,1541612288,9,clickout item,5663,DE,"Berlin, Germany",desktop,,2270528|5561|741306|5779|15993|147690|8286226|5611|5663|5531|6456624|2201134|1490419|53806|3473700|51014|161719|2281132|2572838|1386614|5728|5725|5570|5543|5560,109|59|63|85|72|52|43|73|61|71|94|83|85|60|88|100|69|110|76|91|69|104|76|164|52
Z7085IIQ2P5L,23abdf71e3b75,1541608195,14,clickout item,10105886,IN,"Nathdwara, India",mobile,,5177436|7138778|6471602|7183566|4520386|8964002|7339596|5060578|6058690|7896162|7960646|4555950|8224760|7564730|7861150|10105886|5045102|10884872|7192596,834|10|30|57|99|37|57|71|48|24|34|72|6|12|18|10|25|47|49
IIXQJX9AIQDP,272222cb306da,1541608024,1,clickout item,1477715,DE,"Berlin, Germany",mobile,,1477715|1251455|15494|1345518|9832066|8286226|147690|907787|813796|14701|53769|138140|1090600|1572715|2275636|1621897|2728643|937629|893523|1151499|545706|1622543|9826|2769706|5763,104|77|101|110|135|82|999|110|78|86|101|410|80|91|145|144|103|104|70|92|84|71|151|198|89
495VL6Y09KZM,49175288a2e3c,1541687418,4,clickout item,8147418,BR,"Capitólio, Brazil",mobile,Breakfast Included,2348622|9545592|1776243|6229494|9698286|8467510|2651122|2790606|4779552|8270700|8108446|8147418|8799722|7879678|8368108|7384098|5705684|8455538|8999540|7756622,69|70|146|67|70|79|69|110|82|75|58|57|86|66|64|58|57|51|47|40
68XOO2ZAHZ5I,78b66480f3c31,1541595929,48,clickout item,1814295,JP,"Tokyo, Japan",desktop,,5202702|1250199|993429|3368991|2901440|9446148|370456|1814295|1953945|5952242|2439154|1162811|103494|1514583|2111996|1346357|4991170|1710123|7821578|818486|8271916|8312254|6806086|2143850|1250211,115|76|97|100|100|127|91|138|85|121|108|75|179|72|124|81|123|110|174|85|92|100|106|108|80
8O2HIO4JZQV5,17fc174cdfc47,1541717881,9,clickout item,3922692,BR,"Itacaré, Brazil",mobile,Focus on Distance|Breakfast Included,3510286|1244960|1244915|2732748|1245038|2771722|2028431|1244954|1774385|3971290|4114668|1245028|1245036|3971286|8217450|1707955|939524|1043820|3983138|2258006|1244835|2566900|3922692|5725680|4755316,143|105|119|104|166|82|77|85|91|109|67|78|79|56|71|85|88|56|56|74|45|75|48|47|85
UHYUAQYJ76GP,121074c1164e2,1541552692,4,clickout item,150160,US,"Rome, Italy",desktop,,8743618|2200778|6902878|17017|1156311|150241|3225930|2084516|16844|3194342|2547395|17193|3148964|153556|150160|150227|890563|17036|2303882|17056|4697502|1941869|3873802|813461|7159812,171|271|519|302|95|238|96|165|108|119|102|331|371|172|171|108|174|139|75|301|146|126|164|142|154
5T9XN3MC7R47,3cbcf42cab233,1541658804,22,clickout item,149493,RU,"Munich, Germany",desktop,Focus on Distance,980639|149493|914301|916905|53254|153145|5322|2653200|52069|927669|52036|920201|149491|980633|52737|51894|51227|5350|7115440|5248|5303|5309|920359|13053|5323,180|174|219|166|220|176|123|212|128|176|202|199|220|174|210|194|206|144|213|207|192|220|135|184|220
ZZSC8XZ6A8NP,5e96b5e2bf10e,1541650524,5,clickout item,352416,JP,"Taipei City, Taiwan",mobile,Best Value,6432250|2862836|352416|5618574|363316|2430374|3136185|5826068|4855922|984073|4492906|3755148|6624632|3148854|4985236|2577024|7116894|5352274|4531030|5737714|2256916|7220080|105658|9025162|5789158,61|96|47|95|122|103|107|94|137|83|92|95|79|106|108|93|59|97|132|123|142|132|139|117|80
XAV0RIZJ3UMP,10583c2efd002,1541555232,4,clickout item,1646359,JP,"Tokyo, Japan",mobile,,1646359|106481|8805412|1111345|10553986|8331694|103495|103555|103562|103600|103658|347081|559046|824196|2121758|2150724|2154328|3143733|8350208|1135824|3812858|103599|3132052|103595|95011,123|112|261|132|160|116|155|258|243|174|187|488|325|224|200|136|104|174|101|127|100|124|273|208|177
BUEKQR7DYH8V,9a34e7e873756,1541598175,3,clickout item,1381173,IT,"Belluno, Italy",tablet,,852421|4549164|1076730|1556851|1359750|5486432|1381173|932999|3384054|4512524|2799219|967863|2837248|2630964|2558474|2798946|3855060|4902110|2077786|3143484|1822751|4129012|1771049|4664782|3799534,80|85|88|119|92|57|110|94|87|58|98|95|40|200|90|78|65|80|66|55|70|70|80|66|80
C930770AVQW2,1b70ef9f0f544,1541634396,3,clickout item,1291248,CA,"Niagara Falls, Canada",desktop,,44219|44208|44476|43456|321456|44174|153232|44453|43622|44842|44884|44123|44532|1281180|44646|2775656|44367|43654|44386|44369|1291248|129027|43358|101032|832771,88|123|133|66|45|76|76|37|90|35|167|56|80|77|89|66|44|117|160|84|74|83|198|63|99
NEAQ73ITKEJA,4c74b085c6913,1541718240,6,clickout item,2218742,US,"Greenfield, USA",tablet,,550191|549436|2218742|567636|562726|550131|3939872|840616|4774902|5746532,77|70|105|169|71|90|48|63|40|66
793453M6RDPI,eda64902fc273,1541707637,23,clickout item,4741020,US,"Enugu, Nigeria",mobile,,1250696|10196378|4741020|5024972|6525230|10597858|4473284|8918918|4777768|5053056|4465774|4469158|4471282|6496472|10595734|2870445|3211890|4471636|10869478|11169716,77|101|23|24|31|29|33|17|29|25|28|30|28|23|35|31|33|24|17|24
U0RO7252ZT38,7ec738b170415,1541649074,6,clickout item,44646,CA,"Niagara Falls, USA",mobile,,153237|44208|3953562|44219|75985|64193|44324|101037|1845397|43538|44884|44402|101036|44646|44386|97112|9354010|71747|69764|65493|43358|7492132|9125428|44476|44748,59|83|59|89|78|55|57|140|74|48|86|83|153|66|63|93|73|47|62|44|79|69|84|66|113
JBC6382TVSRD,01104c07ad3f5,1541625844,22,clickout item,12438,UK,"Edinburgh, United Kingdom",mobile,Focus on Distance,1640295|968807|138029|5789292|1276028|6426018|3916918|1552643|1942055|3053252|12399|2762456|655431|12438|12403|4414994|2373354|12398|12443|4387336|152366|148313|12436|18686|12431,343|110|260|87|1378|775|345|53|459|80|142|66|197|72|59|172|55|93|202|210|68|152|99|87|119
PNY7OWY5RL1S,7a61baa8ff666,1541576224,7,clickout item,992731,JP,"Gero, Japan",mobile,,1550953|2039369|992731|1460795|3056748|1041958|1133029|3179680|2195970|3542844|3543480|2217170|1532427|1130731|1584133|3542828|3793996|8415858|5106612|8376064|3403168|3888630|3863074,350|432|250|191|270|171|326|286|233|454|146|154|234|351|283|118|160|108|73|220|382|185|176
5OPWA6YM4JYO,9a1bd0a763909,1541621912,33,clickout item,4858578,TR,"Istanbul, Turkey",mobile,,921907|4764572|37571|3770184|3205032|4858578|37602|131845|37587|1234250|921561|2259250|3136581|37573|33131|1847987|439871|1553603|2705916|37637|6996898|1445351|1502237|5150664|910093,44|74|73|69|125|59|187|85|42|45|36|72|70|136|87|110|199|44|40|49|61|106|48|119|117
WEG2MW434QLY,962c4831e0d9e,1541672945,104,clickout item,1942111,BR,"São Paulo, Brazil",desktop,,1942111|104538|104539|104611|104808|104813|104912|104986|104592|104591|104710|104522|104515|104864|104806|104641|478216|104537|104819|152560|104672|104743|104796|104531|104647,67|124|100|127|85|351|89|132|63|87|58|91|110|90|121|239|70|80|104|41|83|108|86|101|92
07H8MRJ6XI5A,848e97b6681b7,1541565514,6,clickout item,2988144,JP,"Suzhou, China",desktop,,2965624|5146350|2991714|4265908|7928080|3073878|2988144|2965638|3140916|2956920|2978054|2961118|2994712|2970210|3182955|2976846|5130040|4719664|2955632|2953136|2963336|2953148|3183038|4417228|2956900,119|59|85|95|158|78|67|165|120|140|135|65|72|46|125|69|68|129|139|41|179|92|94|84|69
J09T69YKAD9X,1a27cec715e29,1541617785,5,clickout item,7829710,PL,"Warsaw, Poland",mobile,,127648|93331|129307|107318|107040|93318|1503333|8437620|928721|2743452|151073|151074|5181424|6747542|7829710|8513606|4139996|2897077|106873|2501062|738696|7416442|106958|1910975|3825970,55|67|44|68|116|226|82|98|86|129|120|118|97|126|88|52|146|110|161|86|166|65|282|119|82
848P7JJMJ3JS,4be24334e988b,1541660738,17,clickout item,5193540,HK,"Taipei City, Taiwan",desktop,3 Star|4 Star|5 Star|Focus on Distance,98331|5193540|128403|105665|105671|7126898|95185|3136175|2799555|1727337|2293386|363316|4742254|900463|4452060|1236765|5860792|475756|3136158|1172752|105663|972885|1722843|3755148|105667,213|84|176|186|278|111|287|124|117|401|92|105|138|229|199|166|62|99|93|116|180|135|362|90|148
Z1R2WREDZT09,329f1a5a54691,1541549951,5,clickout item,343046,UK,"Southport, United Kingdom",tablet,,401451|966805|1328473|845221|47148|47972|1328475|343046|454766|1738377|3831028|1079830|2009143|1951133|1309932|1951031|1075422|632326|1362542|5155822|4487488|2154332|7799826|1929663|8903820,88|92|80|113|42|86|70|56|40|89|62|60|44|89|34|69|56|75|91|79|103|92|46|46|80
NBMJB75G650S,ffab97c481c7a,1541589449,1,clickout item,50302,FR,"Rambouillet, France",desktop,,3820782|50302|158175|2146302|519051|1847941|626511|4413400|3849520|86025|3081498|4802754|1919533|2220060|379621|106522|4579346|2184688|49458|1904671|627341|4457608|1334484|567216|1423631,58|76|99|77|104|55|57|78|130|158|145|59|129|80|96|44|80|95|144|93|53|120|37|84|45
VAON83G0XXY8,a58d62027dcb6,1541563325,36,clickout item,5934988,IN,"Lonavala, India",mobile,Sort by Price,7183680|11047044|5934988|9795174|10248414|8013726|8896288|9396300|7190344|7192054|2704220|9400600|10113566|9021214|10611708|9489388|9409160,7|8|10|13|15|17|17|21|23|24|24|24|24|25|26|27|27
TVQC9K77S7AH,74d69a4a55796,1541719964,5,clickout item,2671862,BR,"Rio de Janeiro, Brazil",desktop,Focus on Distance,1319947|3497814|1743531|6462874|104639|6272506|7118054|2671862|104838|5123142|109350|2891690|5028116|5196406|1768863|477996|6254408|9345028|104949|8301552|1038134|8924356|1670475|2439640|1770143,148|179|159|224|212|221|174|99|228|51|246|292|151|171|866|410|240|63|246|85|856|156|96|608|84
U0RGC8U8VG5C,e4b10ce5d54a1,1541590231,31,clickout item,51347,BR,"Berlin, Germany",desktop,,5757|5781|14561|16141|32718|51347|53171|53235|107558|108050|135951|152010|429456|1386614|1543273|2305912|3367480|5609|5637|5645|5652|5693|5697|5776|14643,73|104|107|125|171|96|121|106|111|138|84|73|74|179|86|115|219|168|92|124|88|191|160|99|90
MWGY3T02137K,628c39ed98fcb,1541575257,2,clickout item,715166,SI,"Portorož, Slovenia",mobile,,917219|363291|491566|363296|724951|401126|715166|491591|1053330|741161|1054792|856311|750871|8757676|1373897|1855967|4483846|3437492|1078706|2555858|2178278|2798351|2706798|7316884|3936236,132|145|102|150|144|162|111|74|69|107|72|80|103|154|134|55|60|100|63|190|100|43|60|60|75
5J770RODU1OP,7aaa9582aff3f,1541638308,6,clickout item,9216516,UK,"London, United Kingdom",mobile,Sort by Price,2288836|9216516|927627|3477578|1032964|4385630|630281|46683|47228|2402891|2875452|46573|81656|47412|2888703|46999|149123|1032962|3044896|81704|2396140|1251632|47710|149121|2438503,51|51|52|54|55|56|69|73|73|75|75|78|78|79|79|80|80|80|80|81|85|86|88|87|88
9GCEH0GH2YBD,dbbdf93aee5bd,1541603964,2,clickout item,80785,ZA,"Umhlanga, South Africa",mobile,,80785|439371|1886331|1548189|2548232|914597|1503093|35281|80760|378581|5088186|1695629|7109756|1360729|3078400|1005807|34257|5142642|477106|34172|5201578|5663676|1553883|1503581|1710919,90|83|118|83|84|105|102|71|118|112|150|97|80|124|234|97|126|47|125|101|72|123|89|130|62
8L3S9RU60VBF,741c025c64ff9,1541697518,2,clickout item,19487,UK,"Stamford, United Kingdom",tablet,,19487|19485|1823213|1710535|402481|9151210|2904006|1326080|8928100|47395|342211|47987|46252|48029|1324850|2768108|1954741|47963|3849550|1737853|47692|2046099|2791125|947563|138255,368|609|138|425|225|660|138|145|184|273|196|186|276|193|227|287|230|264|176|167|216|230|164|267|172
OS9UNDPSBY97,92a34177ff274,1541715764,1,clickout item,110425,NO,"Geilo, Norway",mobile,,110425|505931|491381|9623354|85431|1175067|1711887|1333590|1941713|8759144|598141|1008167|1008165|1603777|2110292|9609988,108|94|141|156|135|199|119|131|109|75|149|42|100|125|38|104
G6B0307R2KCI,078f4071c298e,1541697443,4,clickout item,1518455,BR,"Campos do Jordão, Brazil",desktop,,2261054|2825520|1653331|7264028|1621337|1823121|2096860|1001685|10086816|7105938|2567832|5061050|1668663|1942119|4116088|8973778|2781425|9357884|2025329|3799214|1241054|4101010|1001683|1518455|1483031,101|178|268|121|143|126|102|142|155|78|200|103|66|146|233|56|84|88|99|80|173|100|135|61|148
11CG9SZPD3ZD,1efd0a451b6ca,1541689995,1,clickout item,4610858,IN,"Pachmarhi, India",mobile,,4610858|6480622|8988184|1033918|2606770|2664270|4848388|2656494|2272872|9383922|4732372|4844632|4957382|4533538|4458060|4706092|4702344|6546082|9406982|4350068|3919144|4500628|4488382|9791984,15|16|32|72|17|59|15|57|17|16|20|43|62|108|21|23|30|53|111|80|108|20|24|6
85KBB0TEYEE3,d75a5e6e14aaa,1541565496,1,clickout item,129046,CA,"Richmond, Canada",mobile,,363526|129046|129043|129031|44161|470311|121905|43990|44343|153990|44392|44322|1475065|44029|43655|44303|44374|44338|44827|129041|44690|121124|129030|129032|129033,161|119|175|159|132|111|92|192|127|99|163|172|179|111|143|139|112|139|159|118|234|139|92|75|99
MG9S4KIZEYP3,7ffd292c8afe2,1541625175,25,clickout item,6843,ES,"Bilbao, Spain",desktop,4 Star|5 Star,6843|6847|6842|40723|13135|6848|107502|40406|147728|16822|6846|1269001,101|112|112|136|106|126|107|112|125|122|137|110
KI5AAVUP0XGU,c75b00ede4b74,1541615928,1,clickout item,6450614,SK,"Tatranská Lomnica, Slovakia",desktop,,1073830|6450614|1826873|4728122|2789962|2177700|3107624|2578877|2367789|2853670|9315374|2255580|3795500|5118342|4097742|2876892|2024325|4106834|4873154|5138498|4644980|2679782|2240598|7248630|7905598,114|205|60|40|58|122|31|42|45|56|228|40|78|79|49|45|60|19|84|50|52|35|50|48|60
CBXVQQAI72Y7,cf84b9cbbf321,1541714081,6,clickout item,4546454,TR,"Safranbolu, Turkey",desktop,,1375362|6428566|2642400|4474014|2276880|1070870|5975008|4578722|5444284|3205374|2781676|8836404|2329832|2035491|6460480|2329442|1559335|4658394|2083446|3854678|2032305|2503674|4546454|2782756|3878570,494|32|45|31|24|49|38|21|59|18|57|21|17|24|25|23|38|41|43|29|51|43|23|54|30
E059LV1KFTKT,a0bd02b1aa575,1541697965,40,clickout item,100227,CO,"Cancun, Mexico",mobile,,348941|100227|2753406|42378|34429|34432|152154|1012497|5022936|5963164|100226|7206578|100224|34436|959727|100228|34423|684821|34437|4028188|1320565|34502|4123580|34448|6953316,82|82|103|84|250|122|167|86|125|201|323|79|101|290|268|93|204|177|175|284|86|348|272|134|226
06REVXX62TUA,e4dbee609154b,1541654530,6,clickout item,984197,NZ,"Taupo, New Zealand",tablet,Excellent Rating,1026804|1361384|1501855|4491592|1293942|674276|103153|615471|984195|349566|1342389|9136592|1045358|384496|984197|1026740|205376|2049165|8959584,116|128|148|294|156|157|208|158|166|284|132|232|163|332|149|143|266|50|309
YDJJU4SM21IT,f4d3e58861e17,1541611765,7,clickout item,34355,MX,"Ixtapa, Mexico",mobile,,42613|34357|34355|126930|128815|43031|43151|34358|3173632|34354|684761|380426|42340|914361|1108402|32822|4319272|1029784|42339|42357|43050|42356|3138526|4858646,112|112|52|114|133|73|63|86|145|114|136|47|44|207|164|164|34|206|127|41|115|29|112|140
M5YRYL7QDCI5,4685542ea2e48,1541590798,55,clickout item,96903,AU,"Bangkok, Thailand",desktop,5 Star|Hotel|Motel|Resort|Hostal (ES)|Very Good Rating|4 Star|Sort by Price,96903|2347256|111031|14577|926903|3132426|178637|2210660|1646277|9357|111037|80519|723946|2551112|2123866|1330564|1842283|80664|111006|1390456|151944|147472|1762727|2432716|116046,43|44|49|53|53|54|63|63|65|66|66|67|72|72|73|74|76|77|77|77|79|82|83|83|87
0AVJ6X3OA74Q,953cec3eebb36,1541572566,22,clickout item,377921,MY,"Malacca, Malaysia",desktop,4 Star,3818266|4174444|2547593|1351822|377921|508851|3896402|8733884|888779|3149406|684641|3842450|6559388|2158000|2643958|10134866|10227348,42|87|71|39|40|48|25|76|74|52|33|50|32|56|71|32|61
XZ03G74F6BH8,28734874ea92b,1541640331,20,clickout item,5531,DE,"Berlin, Germany",desktop,Very Good Rating|Sort by Price,1346300|5769|147676|213551|6456624|14150|4672438|13026|53769|2728643|1145923|2671746|8286226|2269826|1357272|2572838|3489584|2818726|5531|5680|1251500|152005|52215|898199|1383914,94|99|99|99|99|100|100|101|101|103|104|104|104|105|106|107|107|108|109|110|111|112|113|113|112
FQQZSLLO2NB3,816226199232c,1541589604,1,clickout item,1135904,JP,"Tokyo, Japan",desktop,,3812858|5051948|1135904|1786065|1782303|9420522|9645482|4497720|5213994|6680648|9992308|8824934|7180694|5117990|1250221|6910862|8145592|7677800|10154190|9675258|6879564|1250231|5155998|2096506|6459230,24|29|32|26|22|31|33|28|31|25|23|22|25|25|31|37|27|28|25|35|31|17|35|27|23
BEB6A59E02QK,a9a1cf6b013b7,1541718621,15,clickout item,5407224,US,"Dubai, United Arab Emirates",mobile,Free WiFi (Combined)|Best Value,1283181|9354724|1384328|324936|6538218|3217130|1322200|99078|1646415|5407224|3420052|898891|3147852|55316|1560619|8938|55337|889739|391216|1559537|1711141|3480582|2518914|1335444|2438649,70|59|72|64|72|53|44|49|44|56|57|50|78|55|45|54|78|55|55|56|48|59|59|30|30
YO3O3X0EWXKE,3ba73d7c5a6b7,1541618568,8,clickout item,2429264,UK,"London, United Kingdom",desktop,Focus on Distance,2429264|925431|2402891|149134|2529342|1251632|5049160|2097056|2282116|47710|2581952|1502155|5022680|81704|2291418|6322832|387921|912955|5130900|692101|4082036|1165475|3133816|149102|529806,90|80|92|85|91|82|91|92|92|87|57|72|61|81|85|92|79|69|77|57|80|74|85|64|74
6W4Z438DTW3N,303f934e4ca0f,1541660946,1,clickout item,149825,FR,"Paris, France",tablet,,82322|3182894|4991684|870646|5195314|82291|153359|12750|49865|1216234|49874|11926|99679|49244|1292595|8956470|50134|48429|917383|117373|50479|149825|838411|1768377|12142,145|142|149|141|156|130|211|125|184|203|370|226|350|144|159|148|140|202|162|141|165|172|148|119|191
6AIN2Q7ZMCOW,330d812d92b60,1541650041,2,clickout item,6951270,JP,"Hong Kong, Hong Kong",mobile,Focus on Distance,6951270|2081612|2316758|9792278|917083|5405886|9703602|6259552|8058714|8036422|159073|54027|16636|16637|16687|148681|132469|99412|8747224|54229|1812485|54141|99415|1204728|692261,17|19|21|18|21|13|18|12|20|20|634|375|519|340|395|248|592|163|684|223|332|255|222|225|146
HOAPA9J603ZK,faa3353a41ce6,1541677913,1,clickout item,693426,JP,"Takamatsu, Japan",desktop,,10223228|2431278|1342447|1724207|103540|693431|693426|3075999|1552637|1588209|4878476|106190|1532603|6176990|1063748|3545324|2105500|2153528|4942006|1049662|1955261|2177322|2128094|2100910|1570021,108|102|79|49|185|86|105|66|74|61|32|54|133|116|125|55|58|72|54|69|154|52|71|74|46
AHEB5H7PFUVR,855d25cf7c401,1541665703,3,clickout item,1650097,PL,"Krakow, Poland",desktop,,5882886|6846520|148871|4530974|3184892|123691|923245|1713889|1650097|5483408|131258|4076774|1032940|1655445|9844740|117931|5716150|1207257|915511|148899|3375065|9025316|3747476|7844428|897077,82|58|82|93|160|111|54|54|53|103|205|70|35|109|102|189|58|108|35|59|52|35|73|53|60
ZQ4P5Z5X10F7,63671f730bfdb,1541625260,5,clickout item,8920710,CA,"Trois-Rivières, Canada",tablet,,103411|1557619|9019788|103395|2256610|103374|8920710|1827909|5174356|4324228|1627187|3892182|1827255|1996343|8123874|2140662|2192544|710956|2381754|1829261|1827299|3471064|2246210|3185049|2773786,98|59|96|103|39|124|50|80|109|111|107|46|53|53|57|65|97|43|57|73|57|63|46|64|53
28TBHU08NCL1,aeae16259ad86,1541571349,372,clickout item,2346006,BE,"Amsterdam, Netherlands",desktop,,3583444|42312|214161|2346006|100648|84217|42131|2467696|7040360|147257|42230|4180166|105999|105923|805921|42050|84578|106586|1387348|39741|107767|42095|39740|2164460|1750769,71|109|64|127|89|53|60|104|71|62|75|58|90|60|94|79|56|94|129|64|112|179|65|121|154
6FVZ3DEGOI10,3708560245c6f,1541626179,18,clickout item,9205160,TR,"Bologna, Italy",desktop,,9328338|847901|9069968|102574|7818780|5471916|9437368|3503868|9203330|6803766|9205160|9199416|7705810|22538|7788268|8311314|6540962|6518406|6514280|8218842|8926010|9198666|2040961|22542|9598834,47|64|85|68|89|79|77|80|87|80|68|71|73|65|78|85|64|88|90|90|63|80|70|42|80
AN4JGFN80XGE,ba11ad6602ac4,1541593040,29,clickout item,80297,TR,"Istanbul, Turkey",desktop,4 Star|Very Good Rating|Focus on Distance,3485462|3978462|3980614|3372342|1991999|4387142|2551262|3376213|80276|3159400|37520|3176676|2524532|4042130|152681|1236058|2439886|1751741|1488697|3136605|2305846|4439200|4453660|5963290|80297,80|102|69|88|94|100|50|359|81|120|84|136|125|125|190|233|130|200|155|124|163|107|77|129|80
W1J5481RCAD3,4cfef0f2865b2,1541567328,77,clickout item,3431546,TW,"Tainan, Taiwan",desktop,Good Rating,3576250|5350036|3431546|3431610|3754798|3828414|796451|6538244|6817996|7961806|4114768|5193586|5658620|9519472|796456|1584665|2510408|4342446|4877180|2049955|3520118|4159290|4202088|5646564|2207058,32|47|55|52|59|27|74|59|59|57|58|71|69|66|44|48|27|41|35|47|61|59|56|62|48
QHMBGUUCX4NT,fd8851df797b4,1541681760,25,clickout item,8134252,IN,"Almora, India",desktop,Best Value,996377|3769338|996379|6795562|2599984|4941324|2109978|8951022|1484361|5936756|1982507|8134252|8438226|7346258|3208702|5935476|5861260|9524684|4555624|9004948|8154088|4017522,57|73|38|97|36|77|80|72|46|49|53|33|48|54|58|58|65|65|71|82|95|95
R8OHT8U7JBHH,cddece08197cc,1541675321,4,clickout item,1621917,DE,"Munich, Germany",desktop,Sort By Distance,5968030|1621917|6148106|6215308|9853460|3141225|5201|14316|14220|149495|5226|5329|149503|1353946|5752916|431451|6511546|9406792|5281|5323|153147|4355478|5229|5318|100439,112|89|49|127|99|199|78|76|71|58|109|89|94|76|175|124|190|165|98|94|71|89|69|71|123
RINKIDEK8EQ7,4d37480a8f29b,1541707818,9,clickout item,2192296,TR,"Bolu, Turkey",mobile,Focus on Rating,6623006|1816025|1434868|3470054|2192296|2861398|6367640|496116|6686140|7120930|2624260|2065534|3065898|4245920|6550302|10236348|10612722|9779958|6960410,68|104|75|50|88|40|28|100|70|44|40|27|43|30|62|23|40|30|18
EHX958C1GZZ6,b4979498ab178,1541565029,1,clickout item,5747424,UK,"Serekunda, The Gambia",mobile,,3857398|9488634|5747424|3957000|9214700|4622628|4737600|4902984|1427872|8443606|3159911|4124846|4448592|7699266|9827612|11001816|5438580|6652716|7992944|8441444|8443926|4595840|6220702|6311320|6466254,174|90|43|35|90|30|63|63|60|30|58|29|92|20|41|42|68|32|27|100|36|16|29|50|50
T8QS0HLJ6NS1,aaf82f39f1b15,1541651559,1,clickout item,218881,AU,"Leura, Australia",desktop,,218881|105425|326021|1417951|516846|594456|668841|324196|989719|105736|1983717|2208116|1419612|3167674|1499491|10428800|836671|10428284|1014433|1773459|8946626|1979421|5416904|2940430|668826,119|200|87|177|203|86|80|130|83|67|121|73|119|102|67|131|213|355|62|73|91|76|179|102|80
3LND76GR0N68,1f6dd78bf8633,1541709758,6,clickout item,2603803,TR,"Ürgüp, Turkey",mobile,,5040902|4553536|936657|997453|1993519|4493250|4043158|2314284|3065810|2832108|3500888|6391128|2834730|2244872|3161938|9391084|1994803|1042562|3176848|5608154|2603803|2628278|2283768|2551066|498376,60|29|47|45|30|53|32|45|30|62|49|54|43|71|59|29|50|28|49|39|167|178|32|30|49
VM0R37E5WF7T,f9aa81369f71d,1541610470,3,clickout item,155514,ES,"Cádiz, Spain",desktop,,40590|5409358|243361|40295|2179620|152136|80871|40358|2753914|2792016|155514|7677032|1007791|100371|6001504|931587|1697379|1395358|2275558|7319892|313331|7040634|6360828|5876204|2774896,75|63|66|65|54|76|55|79|48|60|59|63|76|76|19|78|196|65|54|50|61|59|60|55|65
LMT7EQE9YWHO,332440bda5e8a,1541657692,94,clickout item,8714154,US,"Montego Bay, Jamaica",desktop,,8714154|7856942|8922760|8695256|8173374|7238544|7898036|4849708|10366958|9885364|4937496|9014012|8333362|10135838|11014076|11020494|3812902|3822200|9807258|5408670|6684320|8902596|8980124|3874878|8833414,262|191|195|55|214|768|78|144|64|162|106|137|137|105|53|53|75|140|114|770|153|376|95|103|145
TS73M06OLLZD,022d77ef1f85b,1541682577,8,clickout item,5444284,TR,"Safranbolu, Turkey",mobile,,6428566|5975008|2276880|4474014|2642400|4578722|3205374|2035097|5444284|2781676|2329832|2035491|6460480|8836404|2329442|3212130|4658394|3854678|2032305|4546454|2503674|1070870|1360228|3878570|2782756,31|30|24|31|56|21|18|23|59|57|17|24|28|28|26|27|41|28|51|23|43|49|35|30|54
H1N1F4FS769N,c5f3f59860de6,1541588165,2,clickout item,102041,AU,"Melbourne, Australia",mobile,,325596|1475209|667346|4850060|109090|54942|8288868|55099|1306225|3369036|54956|888207|102041|1020583|2106948|164689|1090724|1710373|6477166|1259153|109107|102049|6027316|109106|54840,86|99|79|126|101|139|118|93|106|127|76|80|107|63|89|115|133|97|126|132|120|126|137|89|91
E9OPE7MIRB36,c32e43d36e104,1541639960,1,clickout item,7830892,US,"Dartmouth, Canada",mobile,,1207696|44737|44533|960281|43811|7220978|8922190|1962325|43978|43856|9103326|7830892|8838404,98|77|65|99|111|113|53|50|71|79|120|77|100
809MY313WTMN,7b536fc91e7b9,1541566788,4,clickout item,8165420,JP,"Sapporo, Japan",tablet,Sort by Price,1722633|3818760|5654788|8199368|8165420|1250255|3536260|5877924|6924904|7301232|11169268|3905364|6898256|3831558|6626442|4505714|3536248|2041307|904417|3509056|3536108|895299|2247472|1255814|10908506,15|16|16|17|19|19|19|19|21|22|22|22|23|23|23|24|25|25|25|27|27|27|27|28|28
L4G5RS4F5EGG,e3e83580203fd,1541620792,56,clickout item,6697042,TR,"Çanakkale, Turkey",desktop,,6697042|6463294|381526|493561|7675788|10042780|3372656|3178826|2344876|111254|2029947|8226154|111253|8512426|84405|1320554|1199306|5485938|2237962|4514540|1001729|2710344|1712865|4709376|439811,249|46|59|41|48|40|28|28|30|52|26|24|28|29|36|25|23|28|22|28|57|20|37|30|36
RRJ4XISFUO10,78ec9bca93d46,1541674011,2,clickout item,2464430,ES,"Lérida, Spain",mobile,,100368|2219128|83863|6638116|2464430|40857|40333|941963|3197792|8218594|5498422|149026|989027|81005|1887463|82116|1239530|9743798|6711790,63|43|58|80|38|55|62|165|44|100|38|62|40|53|50|45|58|315|40
UA14R9E1UK21,473d2dcdcc64a,1541717130,1,clickout item,3248832,EC,"Atacames, Ecuador",mobile,,3247454|2711774|3248832|3249114|1764443|2791538|3249522|8956376|8336384|8187752|6027370|6788220,55|70|25|21|94|57|40|18|35|23|9|13
NEUFGJTEYEKH,da83d46c66ba8,1541680537,32,clickout item,383661,JP,"Nagoya, Japan",mobile,Sort By Distance,383661|3811570|7930466|8135592|8753050|980701|1816335|5773404|889569|980695|1023243|1056918|1213782|2195666|4445842|9472912|103534|518371|1023185|1838003|1946811|3236908|1023195|1023201|1023215,42|40|61|43|55|53|50|45|43|62|67|64|31|48|43|62|44|43|39|62|74|60|49|71|56
6IJ1OGOA5864,796f0afca80e6,1541689774,7,clickout item,103664,HK,"Tokyo, Japan",desktop,,103672|103664|103561|980287|3143731|158721|347081|6847366|824196|6914122|2121758|2162248|8509108|2350650|1814295|3509174|8350208|1021083|103598|904399|103589|5479624|9002016|103625|1255810,141|134|312|87|149|345|465|188|142|73|117|81|300|55|89|81|62|114|105|477|128|118|147|211|92
BVSS0VAMOXK2,45b90bb65a655,1541549244,5,clickout item,67229,BR,"Miami Beach, USA",mobile,,4371904|81083|85149|895725|1939525|2862811|67229|117782|2870487|68643|67193|149404|3876846|58101|931141|101749|5684800|68749|1941491|67206|3152485|10135324|64548|101745|64558,244|203|104|107|286|224|108|141|185|127|123|144|193|121|146|92|188|101|84|353|157|80|162|185|122
TIDBQUH2C6F4,3a756891bb454,1541626533,2,clickout item,1773705,IL,"Eilat, Israel",mobile,,119818|102313|97422|1167152|97426|97424|1205040|2151898|97453|878996|3219306|1042494|1205044|1773705|818021|198571|3815726|119299|116532|116367|112975|944807|115176|2536002|116366,217|189|476|150|908|370|158|184|125|2742|213|90|180|468|160|256|86|209|319|103|230|111|82|132|371
QYC4ZGXTNZ1A,d9e395b6afada,1541589594,2,clickout item,1349906,DE,"Neuss, Germany",desktop,,51312|100479|52837|9833|39745|51404|337311|52018|51024|1349906,133|88|75|139|129|129|99|144|160|125
SK0YNSB07WGR,d6aa053dff449,1541639625,34,clickout item,5609416,US,"Titusville, USA",mobile,Car Park|Breakfast Included|Sort by Price,210566|5609416|157918|122540|984311|1352900|155646|911403|389926,65|66|70|72|72|97|98|115|126
L98AH895E2I9,83973c9c6e350,1541550838,1,clickout item,3812142,CA,"Ahmedabad, India",tablet,,5176586|4543576|955873|2629159|3812142|4517690|2660559|3938722|5420786|2095876|6909162|4821824|2660549|1863299|3561640|3211036|4522756|4674080|995781|9678288|1098482|4926090|5998242|1855567|1535769,12|8|52|354|36|12|24|21|25|137|16|17|22|26|35|18|23|11|35|22|84|17|22|38|16
EYID3ZN4PCD0,e181c2d4b2a93,1541613359,2,clickout item,470596,AE,"Dubai, United Arab Emirates",mobile,,3532930|470596|1553717|3827528|6832324|7075072|8928|8920|449441|1301051|1320073|4387104|55353|900515|4984910|3810156|7070864|2432702|6918672|715456|8891|361016|9358268|889739|3183370,22|19|29|29|74|92|549|521|446|146|235|84|576|166|92|65|110|92|159|189|124|38|129|54|131
AQBL25268C30,4272076f56721,1541692660,63,clickout item,6796396,ES,"Málaga, Spain",desktop,Very Good Rating|House / Apartment|Serviced Apartment,3392694|3983638|6796396|8219038|8765952|8950272|7944938|3533836|126839|2878684|9251476|8057050|8219334,55|65|85|40|49|90|70|76|73|65|94|55|42
MP5301EIQZR6,ed9f320aa3f02,1541667204,4,clickout item,2250544,TR,"Izmir, Turkey",desktop,Hotel Chain,37478|3136613|2669746|1177068|2250544|486451|8307916|37477|7000818|128191|3759170|5720532|2703108|37476|1167938|4959482|439846|457181|486706|5751684|2606860|1012707|2053299|2671940|5011354,74|34|40|35|59|34|48|60|50|48|60|42|43|80|40|53|40|92|48|40|74|33|52|22|44
FUZX8FS3JOL7,7895118a5f7b5,1541689418,37,clickout item,2119932,BR,"Itamaracá, Brazil",mobile,,3892514|2120248|2119932|11104040|4545392|6728394|8280172|2120672|2120266|2118380|9429906|10202940,27|36|35|54|28|30|52|36|33|33|37|35
Y7GYVYOQBIIK,8737be7ac4e0c,1541671516,3,clickout item,3874112,TW,"Hsinchu City, Taiwan",mobile,,2628799|1011457|9333590|3167385|2508141|2781450|1324250|9490312|3874112|4071510|4877196|3514924|6732998|4713006|3863748|7762824|3875438|5788934|2207212|1011451|8739638|5163146|5163114|3806048|1011453,85|50|75|67|134|71|66|135|28|50|85|77|45|103|54|58|37|32|56|55|57|56|34|26|103
BRJMR0BW21SM,c25939ee4f775,1541691881,2,clickout item,3966996,BR,"Mucugê, Brazil",tablet,,1967529|8421612|3966996|4863240|6802758|3160793|4636064|7311784|8448696,102|60|49|65|89|43|173|81|103
QMWJATSZRG59,bab42b93a87c1,1541713612,4,clickout item,45499,IT,"Naples, Italy",tablet,,21097|1240467|21121|21153|45804|153182|21100|21072|21115|7814148|6696116|21061|45499|21081|83964|45930|21150|1446137|7176920|81348|2704692|21056|1666029|153190|7384140,103|115|132|82|88|56|123|118|89|135|16|108|55|125|61|102|107|44|125|108|79|75|87|114|92
16QXZW2RQU63,aca8586e75d64,1541597328,28,clickout item,1276387,PL,"Krakow, Poland",desktop,,6473324|4297856|2852992|5205842|1276387|1144693|3862562|4473744|2377387|2248088|2748020|979241|363241|930283|1971965|6461818|5805994|8461118|7865796|7233826|2807090,37|32|36|41|41|39|36|41|33|36|32|40|35|31|19|35|33|24|21|35|39
8VWLPTKE4L8T,1ad2b38f05c44,1541586670,2,clickout item,9952018,ES,"Barcelona, Spain",desktop,,137280|82067|1033006|1488047|6755|384206|920385|914363|140965|5627788|9237658|5604240|3135962|9952018|2762657|1111980|165220|456336|138955|5493558|665101|5178172|1284654|469151|1990831,145|135|46|195|175|112|74|80|56|44|110|145|58|48|55|45|30|126|197|130|71|82|321|222|180
IXMQQ8MQQTA9,9494d6cb6abf5,1541574406,2,clickout item,9471198,PH,"Baguio, Philippines",mobile,,9670536|8338422|7834844|2297102|9471198|2294356|694291|6983150|5425538|1120251|2158134|2760209|9764830|4010562|9393848|9789432|2230504|7933210|6792224|6469832|1905345|7965080|5923750|9696328|8739960,29|31|25|33|31|33|33|32|34|39|36|34|36|15|35|49|26|49|46|40|31|51|49|38|50
72AZDR79O7XE,3d1889568ed1a,1541698841,3,clickout item,349541,NZ,"Auckland, New Zealand",desktop,Focus on Distance,98817|98791|136812|120992|10111812|98789|960857|98796|349456|98790|997211|4631854|98809|2154120|10079090|349541|98808|236266|676141|98806|1320616|6549580|895539|7317704|9743198,178|145|195|178|132|124|106|146|94|130|89|94|172|109|119|83|148|35|69|104|184|142|98|53|178
CBDUE1L7I5E9,ea2554c142179,1541555572,3,clickout item,385746,MX,"Playa del Carmen, Mexico",mobile,,94831|4348060|1561185|4869500|385746|9753436|4088122|8297712|42752|3414162|4592466|971927|34519|7836964|4604496|4678816|32697|4519436|5711400|34509|42377|42659|5044184|4576758|2289072,82|41|45|27|168|24|32|22|74|193|23|47|169|49|58|70|256|49|67|210|66|42|87|74|37
4G2IQWK13CE8,a00cbe2d19d49,1541711721,3,clickout item,2854874,BR,"Petrópolis, Brazil",mobile,,5890360|4730800|1797611|1665793|2854874|2031705|2063082|3249862|9657036|2724668|518441|1372143|4946502|5017302|2553903|104836|6698770|9363090|6253976|9441480|7893410|10020062|9259684|3767708,94|68|118|398|100|84|131|212|82|178|124|360|112|56|214|78|70|45|90|83|52|119|142|78
8JX9K5N9GN8C,31fbdd509c0b7,1541550804,3,clickout item,6452448,AR,"Rio de Janeiro, Brazil",mobile,,153550|1670475|109351|6452448|3148916|1797509|5493194|104558|104776|104790|104882|5152360|104949|106405|5497220|4155306|1770143|95685|104565|104941|5066908|929539|4041114|4345728|109340,40|35|58|41|70|40|29|60|125|60|76|33|92|94|85|65|29|101|69|63|81|31|35|133|61
E2ZWXJI452Y0,f1524b81998e5,1541720314,41,clickout item,8191264,PT,"Rotterdam, Netherlands",desktop,Sort By Distance,8191264|100615|14785|2341912|33056|2583178|8163486|33052|8768028|2831138|7776176|8173020|2704550|5966902|8205272|33128|42106|4699016|106758|3088735|9224706|1048522|2583876|4354786|6827214,60|101|167|152|113|142|138|236|620|112|199|163|155|120|136|104|145|140|135|99|525|95|222|184|126
UY9BNV46INUS,8d98c5e51fa68,1541642793,11,clickout item,6299342,BR,"Santiago, Chile",desktop,Focus on Rating,4776548|429771|3925760|327131|6299342|3935820|172677|2325624|3810252|370026|4637864|1226138|323791|157578|3133294|323806|3107980|2785160|4590172|1487089|6654736|400391|323756|3905012|2627287,110|118|69|84|75|48|201|117|180|86|112|249|95|76|194|136|77|106|68|150|64|96|81|63|133
AXR8W0L72CDL,a1f9eb1381947,1541690122,5,clickout item,1133693,JP,"Urayasu, Japan",mobile,Sort by Price,8154392|7211772|106143|6538764|9009090|1133693|1250229|1522713|1308042|2003985|2443246|9003418|2078214|8963940|7566100|3178404|103538|3152380|7300202|5974208|1321144|1250227|7773886|10452994|3060180,28|46|57|64|72|75|75|75|76|85|85|86|87|87|88|90|90|90|91|92|92|92|93|93|94
6QZQH12ZYYRN,e624ac02ef2f2,1541693617,3,clickout item,10509478,TR,"Safranbolu, Turkey",mobile,,10321262|4474014|6428566|5975008|1856827|2035097|5444284|2781676|6460480|8836404|4815784|3212130|2329442|3854678|2032305|2503674|1070870|3878570|8804740|1491523|9890900|1076474|2367952|9488096|10509478,21|31|39|40|49|23|59|57|35|28|28|27|26|29|51|43|49|30|36|25|34|71|63|25|21
PV6Z34VS05F3,9668713b8b9d4,1541697576,2,clickout item,6792746,RU,"Cherkessk, Russia",mobile,,9358616|6861126|8943764|9438816|9385436|10117672|6173924|6450890|9375074|11114990|6822078|7173836|6771870|6792746|5831904|8188800|7163508|5998884|7151856|10092378|6983312|6820652|9244536|9358424|9420862,118|33|38|20|53|40|28|38|20|20|24|33|39|39|33|20|20|26|39|33|26|59|20|197|26
BCG1GVSN29XT,5b9a40c2eec4a,1541718974,3,clickout item,8128,US,"Key West, USA",desktop,Focus on Distance,8128|1014727|3505188|62292|1459953|2874644|8145|1219030|353266|2835522|69207|8134|936429|8143|68208|942821|58632|360136|3484270|8901418|4003718|62851|62990|1722489|942435,273|228|480|747|305|307|493|316|198|195|448|389|334|307|285|276|295|415|253|1729|290|270|273|325|216
S2YQ0E9N27R2,913cf85756cd9,1541667208,6,clickout item,1132227,JP,"Kuwana, Japan",mobile,,1132227|1147075|2301790|1135743|106703|1016755|1016759|1521649|1521653|1521655|1521661|3889138|3889140|6560730|8138340,77|382|118|53|81|291|274|123|63|108|70|91|129|85|85
CU86JUFQ3VUX,f97e809c845c9,1541638777,3,clickout item,324616,AR,"Buenos Aires, Argentina",mobile,,2724079|324616|324716|324786|5192032|363371|796741|137193|2418608|163129|1571657|232671|324571|187186|1950505|187131|324791|2222412|384716|157410|325376|137190|324591|324761|324676,28|39|45|50|102|62|83|68|43|66|52|73|68|76|47|68|63|53|40|57|50|59|48|49|65
GCMMEP8RCXDN,8cb60c2566f6b,1541581927,7,clickout item,1855725,JP,"Sendai, Japan",mobile,Hotel,103548|1855725|1532969|4448312|508026|1405046|1046812|1145963|5411528|402111|3537258|1333728|2217134|1047076|1883077|3474402|7826954|1110431|1047028|1139111|1047070|2217128|2787026|3537176|2217130,76|53|77|73|78|62|54|62|69|66|46|71|48|49|47|49|59|73|70|76|67|57|46|51|48
1MZ4QJJBYVL9,87f9cc9c706e6,1541602369,29,clickout item,899385,IT,"Edinburgh, United Kingdom",desktop,Hostel|Good Rating,393636|899385|3223821|3395734|1117765|1768529|47587|148318|18690|3226332|12390|46902|12413|81703|10050986|2045293|12396|1094298|12443|12428|8185976|12436|99092|140624|12399,17|21|17|27|13|1117|301|270|42|146|183|155|87|95|117|132|92|111|314|139|105|115|97|147|195
C85RTVWCTUQW,d31a7fba980eb,1541699372,137,clickout item,8929664,BR,"Campos do Jordão, Brazil",desktop,,1483031|1885177|1518455|1522873|3503804|3799214|3373474|3393810|10838772|1826353|1520271|2048439|1827671|9721886|1621263|1996187|1827443|1885667|2222524|2826258|1723589|2314762|2301714|8929664|2046339,162|134|74|78|212|111|86|155|92|167|103|93|97|148|48|82|62|101|76|68|77|56|59|30|96
7NQXSUQZAOMQ,48afa213f35c7,1541622513,1,clickout item,10208088,ZA,"Margate, South Africa",mobile,,4445078|4195068|4352576|10100130|6706286|4985964|7816608|7040032|2787836|10237380|3148816|3148814|4276932|3148818|6821740|10215024|9210956|5965592|10208088|7565258|8415106|8959794|6062258|4866944,54|53|73|50|77|81|38|85|63|38|132|69|135|59|64|76|113|79|37|63|76|76|120|31
4XOVRXWEKZ1S,6b6a2890bf794,1541640806,7,clickout item,1007671,JP,"Fukuoka, Japan",desktop,5 Star|Breakfast Included,428596|367721|1007671|2177656|1173256|2786060|428616|834471|9317768|693416|1007605|364311|7106208|977545|8744500|5757788|364061|3767060|1885207|2768172|386141|943929|365886|977525|9307244,306|283|167|185|273|224|291|102|193|237|187|257|136|162|162|145|202|262|118|128|111|205|267|101|179
IU47NYFYTJBL,33a124bd9c2dd,1541710374,7,clickout item,37116,IT,"Palma, Spain",mobile,,13622|80868|37116|100333|39936|37134|37130|37131|37129|2325416|4944048|929403|4493130|37154|1036092|3958782|1161203|4108038|4111340|3387756|7891958|10289770|7287304|9596166|4659682,71|74|63|65|69|81|70|63|81|62|63|66|55|70|62|53|77|46|53|45|66|73|51|67|76
0IU65FKM3RC2,e6cfd690c7b7b,1541716957,1,clickout item,836666,US,"El Centro, USA",mobile,,836666|374981|70669|5909426|1097050|355571|76394|899927|357511|6774966|832831,39|53|57|153|175|61|74|40|44|153|67
JDWROMH70Q1Z,fddc1833c1fa8,1541559482,18,clickout item,5188000,MY,"Putrajaya, Malaysia",mobile,,495951|4684554|972443|101400|4535622|3386129|5188000|7984886|6707694|2940170|8102112|9374652|5797356|6931810|7336254|5978590|7280690|6784180|6846638|6285264|7287462|6559498|6559574|6714486|7298924,70|51|81|86|83|45|30|58|40|95|56|61|74|63|39|67|65|78|20|61|71|60|61|100|57
384ZGM9B2T1V,6ebf3b22eab7d,1541596184,2,clickout item,2600422,MY,"Malacca, Malaysia",mobile,,3818266|4599632|2547593|3899110|377921|508851|1647453|5497802|2600422|4386536|1552745|684641|2296554|3816128|8733884|2026377|888779|4387516|1651953|7341256|2158000|110246|5951616|932491|923291,27|42|46|35|30|32|96|49|15|34|16|27|20|43|53|26|56|20|37|27|38|57|33|119|48
P7GABLEQ1G79,32c2297112aee,1541604477,13,clickout item,1358678,PH,"Baguio, Philippines",mobile,,1755329|6861464|3810902|1851073|997591|1358678|528971|997601|2212472|2032291|1982309|1357603|8207228|2296780|9171490|2029449|1099964|2036851|2787204|5120358|8109874|5722232|2950824|9203466|5478836,39|91|58|82|63|32|27|83|140|64|89|50|45|72|11|60|42|64|52|48|19|119|39|49|46
STH8B5ORWU1H,ee77498053580,1541630815,2,clickout item,75237,JP,"Waikiki, USA",desktop,,69133|69143|1334388|1586499|355726|59763|56930|75237|55798|59647|6225476|2616850|61720|369641|12775|152625|67557|69140|71069|152623|126860|63036|1011323|69139|69123,338|195|182|148|238|102|119|200|187|111|225|614|176|208|275|174|97|239|191|147|106|172|163|260|147
7QDVYS4WMX0K,0961c73fa86d0,1541582443,23,clickout item,35733,AT,"Vienna, Austria",desktop,5 Star|Hotel|Motel|Resort|Hostal (ES)|4 Star|Very Good Rating,35743|35619|35563|35733|41824|1956877|35631,86|66|110|110|101|102|79
1DQ9X40ZK6J0,3e5965679f526,1541682559,86,clickout item,2332408,PL,"Zakopane, Poland",desktop,Breakfast Included,733281|2672760|936917|3061984|1934123|3533278|965453|1649167|1675287|2461318|1678339|3391380|1085318|4008036|2334854|2643060|7365516|2861730|1207158|1500161|2332408|4751630|1501089|2353588|932427,107|71|75|61|68|64|47|88|63|45|89|46|42|57|49|50|131|35|90|61|60|38|96|77|92
3F4BFS41AZFP,44ad90943c6c2,1541595924,7,clickout item,2814366,BR,"Juiz de Fora, Brazil",mobile,,4014138|2153980|326956|1192844|2178584|1306801|2223532|2095854|1667753|1667757|2717785|1603249|2678906|2814366|5075240|9309550|4229620|2523702|8931156|9470478|6500214,45|57|68|52|49|47|55|42|57|57|43|40|46|34|30|33|19|41|33|53|46
MXCEL7LYKXQ1,cfea820b51fcd,1541686923,47,clickout item,5390,DE,"Nuremberg, Germany",tablet,Car Park|Breakfast Included,141473|5390|5387|149646|1151885|5373|5405|53313|53348|1452107|149643|468461|3584666|51106|433746|555016|52005|172557|51909|469076|53786|1116578|1493969|610026|555311,414|697|1084|1022|520|628|604|540|597|460|456|488|436|428|728|392|352|466|836|334|348|676|423|316|392
C9I4213QOKTW,eb4acc330c621,1541599737,1,clickout item,1321528,UK,"Paris, France",desktop,,1137877|1321528|49498|4350448|12048|1540817|11933|3243612|1343551|149774|50218|3487662|49915|48661|2671170|11984|5502530|12249|49356|1063990|12087|10681058|1278990|1581753|82348,110|114|96|109|90|105|114|109|97|98|113|111|103|110|99|103|99|97|89|112|96|107|100|107|109
GS4A7CV8VK5J,632fc2e7c82bf,1541680304,2,clickout item,9005582,JP,"Kyoto, Japan",mobile,,473611|10447422|2299818|1584123|346866|5964546|4622858|939332|6846904|103474|1646353|9920676|346846|4875078|8847642|7232694|473631|9005582|6655220|8780886|1585051|125092|129712|3060512|148912,185|308|162|220|234|123|154|228|337|2077|162|162|99|760|252|280|234|115|168|242|133|139|138|1101|452
IEF82JB3YVTR,fb49b18f9a85b,1541704287,1,clickout item,56776,CA,"Lake Placid, USA",mobile,,366836|65280|72527|1119776|2133312|57304|5049664|836606|56776|1017348|831561|366911|2842194|835426|1418279|71996|858581|834041|392426|5114718|4928816|10292498|9594096|10408850|10343686,91|223|122|120|138|71|79|313|74|88|105|81|105|64|95|134|92|83|111|145|163|220|230|145|518
SNKT6DHU52SF,66049c168cd24,1541579745,7,clickout item,88107,SI,"Poreč, Croatia",desktop,,88107|7103074|3393840|1700183|6553000|8217142|1328845|8234502|8333724|88103|4585220|7900254|2418442|7330978|7262994|7911420|2553850|5829588|7307016|2242936|4948062|8802450|3946106|7844304|5073456,204|14|64|54|88|80|453|233|80|233|140|105|270|55|135|76|143|75|76|79|65|66|45|194|100
3QN46RCFC46D,0f5f9ffc70fe3,1541604812,4,clickout item,4656002,IN,"Matheran, India",mobile,,1180938|2663450|5098472|2667540|4500346|4533588|7188930|5176616|4488502|4656002|1198232|1206152|1198238|5935676|2663452|4523918|2841134|7366416|2127250|5174762|9773122|4780618|1180946|1127565|1198236,1003|357|10|338|26|50|156|97|84|23|49|52|30|45|74|68|44|13|26|833|101|61|37|126|28
NKXRL44E1BE9,5c6a65f0b2ff4,1541639853,1,clickout item,4569084,BR,"Porto de Galinhas, Brazil",mobile,,722181|4704288|5409100|5497296|8401288|2023759|4649026|4230346|2791975|3850622|4464044|326656|4925986|2254174|3243660|2645786|3133274|9161054|8755160|4275116|4569084|2758084|5968680|4581300,193|352|206|152|163|117|49|188|78|111|98|165|105|123|134|94|52|123|328|40|17|53|78|67
K044CIFERILF,6ad183f9b8409,1541574298,7,clickout item,80346,DE,"Prague, Czech Republic",tablet,Hotel,14221|914415|80478|80397|80416|124233|150036|136175|779266|13699|14225|39788|80376|1217280|80346|13754|1375112|80410|150015|1049346|2786842|80382|80422|80358|80415,2306|167|315|225|301|143|131|221|112|118|165|197|126|149|142|257|157|250|426|414|292|127|95|122|266
MM3N9BLDJ1F1,b303248bd39f2,1541680934,2,clickout item,7180592,SE,"Kemer, Turkey",desktop,,7180592|97298|1319616|5008542|389206|3136519|439921|7118816|37733|13088|5707862|9163|37825|94598|80172|96998|2022759|3874754|922777|13061|3181779|2653574|5449128|1145905|131928,42|51|42|43|934|736|38|76|100|65|18|43|681|812|69|849|189|25|33|44|58|744|453|15|93
G8646V5FBW7X,1cfdef0217b4d,1541564945,3,clickout item,34550,MX,"Mazatlán, Mexico",mobile,,34550|43049|42802|1236111|129059|34562|42736|6623552|8448492|10059558|43048|6092742|34558|34557|42748|43113|1493537|1105762|397981|42820|34556|43099|8113168|34559|7220130,81|105|54|59|114|145|49|50|40|37|69|75|56|54|66|66|97|44|50|61|338|32|89|31|44
1TCSNPK9VOGR,41b2bda9a9f7a,1541652340,6,clickout item,984469,IN,"Udaipur, India",mobile,,10457806|1057358|1035566|6398786|4521358|1120987|3834324|9016692|3863782|8044472|4898972|9324758|8758112|2940310|2200986|8845456|1722399|2796159|688426|5172060|984469|2650712|1041842|4507330|1120983,27|138|37|21|70|43|11|26|25|33|30|28|36|23|94|48|152|56|41|11|19|61|63|6|110
2PEM8E5HU165,492c49885d8e9,1541577665,82,clickout item,1890753,NO,"New York, USA",desktop,Sort by Price|5 Star|Hotel|Motel|Resort|Hostal (ES)|4 Star,61700|1890753|67445|8813|1336377|1352626|102127|3480558|3939734|8633|1242950|59178|3492572|8718|8740|8744|8640|2298566|8800|8791|102097|1572735|8772|149590|2705840,83|91|100|102|106|106|110|111|113|116|117|119|120|120|121|121|121|122|122|123|128|129|130|131|131
8JI42AMH3KYG,406bdf02512b0,1541596499,2,clickout item,1119659,IT,"Florence, Italy",mobile,,9440372|20777|20949|20827|20856|20797|1119659|20693|20861|20708|20677|20910|20780|952737|45624|20840|905283|20814|20895|9844958|20884|20811|3978990|20672|5718612,96|32|86|85|54|75|14|148|38|136|155|40|82|57|64|51|190|100|87|66|47|45|52|93|91
6EF931TL8X5C,5378c3c3027f0,1541634194,16,clickout item,98530,BE,"Schiphol, Netherlands",desktop,Focus on Distance,42267|98530|105791|3090778|105849|1081464|921237|39729|2705910|105703|1711365|106242|16247|5592002|42096|2524518|100612|33184|105912|42054|148683|42212|3154396|1954459|42172,80|89|109|89|89|89|122|75|79|125|101|139|89|81|99|90|94|63|108|99|94|68|160|149|136
W8XLCUTQDNFM,d6b288566d43c,1541589959,4,clickout item,38372,SE,"Magaluf, Spain",desktop,,153339|38360|5194952|38363|7203|2237706|127317|5101530|1492475|585616|38366|1223140|38372|37164|37190|38365|37160|37165|2308148|3424990|37174|9582|37183|85304|38357,191|522|859|263|735|540|493|468|295|362|284|267|215|495|480|320|527|450|304|550|457|587|307|333|429
283JGEDHQHGS,e702054ef7be7,1541557625,22,clickout item,3793104,PH,"Tagaytay City, Philippines",desktop,Hotel,6536462|9752194|1985203|1985165|2212358|1226820|1327558|350196|2039291|9258598|1054154|5077878|5413246|1720861|4691316|6928846|2109378|4073406|1933107|3793104|1981407|3785200|2715515|5767402|1981597,7|18|18|22|23|74|38|156|69|132|61|7|54|61|109|58|59|72|86|43|44|62|41|53|122
4B0PPTU5SQ3F,57b9ae524f93c,1541581308,1,clickout item,1765277,ES,"Bilbao, Spain",mobile,,1765277|6843|40406|1269001|14723|6842|80942|6848|90125|1207464|1294414|40723|13135|1230754|154594|90989|6849|6844|5477472|6655088|6847|90990|80978|8273044|90138,68|75|72|64|52|86|85|81|44|60|79|75|68|49|58|58|55|60|64|55|120|66|75|79|70
STSAXG47V1BW,7501080d50cf2,1541632696,3,clickout item,1421793,UK,"York, United Kingdom",mobile,,19038|3748042|5599748|7339756|1421793|3133974|46877|519216|1414616|6428552|132285|7861228|1951097|7211508|10013292|9543072|3854116|2398716|46732|19006|46583|8116182|8224692|1380149|4492770,121|97|118|267|210|135|84|118|167|188|106|203|101|266|130|149|155|149|104|136|113|173|90|123|113
MJ0KSW79HG02,094e674a570ae,1541672767,10,clickout item,6718740,JP,"Shirahama, Japan",mobile,,3440216|1135934|2012933|2128086|2012989|3888308|2012927|2519964|3544578|2012997|6299952|1121275|6718740|2265642|2128084|1648671|2266032|8165220|992631|4053114|3544970|3155074|2504268|7883114|2265610,183|93|125|156|150|77|100|58|92|262|249|108|67|62|65|284|111|249|224|55|116|62|77|154|52
W11BSFWKH70Z,e5b7c5000e4c7,1541698643,1,clickout item,103496,JP,"Nagoya, Japan",desktop,,103486|4531858|1023243|6276092|1023229|103559|2195666|4250488|103496|518371|9590644|1042004|1751261|103460|1023159|496426|3236598|5823814|1023201|1023179|1023205|7803014|1023183|1955813|110184,152|132|152|238|111|182|90|120|301|80|112|151|104|204|128|72|202|136|150|94|187|173|91|129|152
SQC3ZOFVLVM4,99b8f8d7c45aa,1541686497,1,clickout item,1148484,JP,"Kusatsu, Japan",mobile,,1148484|1198476|2017777|1418293|1148496|2640526|6337862|1181534|1532499|1788685|1585035|2865516|4563642|5043454|1788959|4518762|4490532|4502014|1520785|985213|1532539|2230154|1550961|7413336|9206768,415|357|154|376|219|85|170|441|614|323|374|63|419|133|523|224|210|191|216|201|294|108|267|305|205
VKL9T9HS42I6,04784af3b6e60,1541563258,2,clickout item,3145532,CA,"Las Vegas, USA",tablet,,8543|3145532|8595|58492|8586|8564|8565|8550|2386475|64376|8517|78241|1810141|72285|73554|3841898|8613|67148|893925|8608|57995|8571|6159796|102087|8547,147|51|115|110|60|48|132|163|152|113|45|120|227|99|106|118|41|101|127|35|71|48|90|152|45
OIOBCPJV9XB7,7ac73367e0a13,1541634378,32,clickout item,8916,BR,"Dubai, United Arab Emirates",mobile,,8916|894539|8815112|8928|8922|8953|55326|115690|912179|1105514|1353892|4984910|7070864|3222698|2724794|1648521|55340|94557|1700901|3183672|8892|3743978|55319|8923|3147852,1297|250|195|432|246|39|173|27|31|55|122|83|107|133|204|750|58|204|281|722|178|97|45|25|69
HX3E4ZT4RP33,7deb009066334,1541677312,6,clickout item,3995142,JP,"Yokohama, Japan",mobile,Sort by Price,693591|1451247|559056|3183078|749491|3995142|5971442|1052880|2217310|5858440|552326|1967173|1177556|559091|1052958|1052960|552286|818581|673926|1751149|6274258|1646861|2403122|578466|559036,98|114|117|117|138|139|147|165|177|178|178|185|188|204|209|215|232|248|259|269|285|287|288|308|311
I2A2BFB68CEW,e444c9564927a,1541611025,5,clickout item,4093856,BR,"Bombinhas, Brazil",desktop,,3799408|1668695|2382352|2578276|7219768|3823188|2674714|6698134|2197228|3857060|5603604|6541758|4662856|9562964|2756893|4554958|9658030|4869816|8371118|1496045|4002400|4093856|6462948|3972082|3165984,32|77|73|170|44|58|101|56|64|79|116|34|35|142|113|82|202|55|39|127|43|44|42|34|59
AREM4S7WZTFX,2d2a36301c36b,1541707264,18,clickout item,1182794,CA,"Ottawa, Canada",mobile,,44692|398491|1309544|9873992|4499702|1253061|5757868|103403|1992207|44540|3486936|103442|43495|379421|4387280|1890877|43727|2319806|43546|7126932|44917|1182794|7909792|624226|44363,103|93|54|73|66|73|93|198|46|96|57|86|288|80|59|63|155|80|93|100|97|57|87|90|93
48D4UO8SANX3,57649702ce8e4,1541702961,9,clickout item,3198190,MX,"Puebla, Mexico",mobile,,10129398|43133|1727143|2455862|349091|1363450|153500|5846862|9819186|5646956|7818210|3248082|5083378|8018650|932973|4915916|8756240|2830148|9234374|1285624|5514606|349096|932875|349201|3198190,39|95|50|62|38|75|44|40|56|33|37|64|60|49|40|57|56|177|70|80|58|40|38|117|59
0X5VIH3LX2K9,77d1367827f5e,1541648130,188,clickout item,3132200,UK,"Amsterdam, Netherlands",mobile,,97927|106608|1554449|42285|3132200|147266|5484888|100620|42149|1192352|8991816|106562|42221|1249379|9203758|1719593|1735423|1710565|42089|5114846|8162204|83049|3904786|9498510|106024,202|190|422|225|225|191|307|145|253|220|197|212|277|217|623|609|301|339|1558|178|271|200|307|301|360
0KF3NN1MV5TT,47bc41d4d5e5a,1541713441,4,clickout item,69893,CA,"Statesville, USA",desktop,,78464|1207005|66693|60663|1337055|69893|5960888|66518|73923|72669|886199|7002624|66241|1871953|354641|1028976|394426|1289718|7907568|8774826,51|109|66|51|98|62|101|60|50|61|105|66|60|110|113|49|123|53|35|26
WSRU22WPZSPK,4644fd69193cf,1541570784,20,clickout item,34366,MX,"Nuevo Vallarta, Mexico",mobile,,1240241|112158|112151|42793|34393|898437|129061|32738|34366|34371|4332796|7882948|934263|5704440|42347|2180980|2063126|42722|100277|42847|34402|42845|4277790|153506|2614486,220|165|154|101|124|170|240|149|94|105|252|165|205|299|175|292|99|165|88|75|77|158|91|412|72
TBX60LG607F7,9919342e37223,1541661579,4,clickout item,10491450,ZA,"Durban, South Africa",mobile,,6529708|5113874|3199032|9438072|1310904|4992730|35275|2628618|4045144|9182004|10019562|10491450|9461386|7824872|7965990|8958872|7122014|7178972|1620173|6709522|5755636|6809786|8985704|6036894|1723127,41|39|36|44|34|35|38|40|50|41|36|31|41|42|38|35|46|49|46|38|37|46|47|46|44
HE51B0NFJ9EE,3f562d892d585,1541709254,5,clickout item,4151562,DE,"Stuttgart, Germany",mobile,Sort by Price,100449|4151562|14845|3785806|3970708|5167|5145|5164|6701714|5131|52828|5171|6668796|325086|8914198|6443976|5132|8968730|9776602,351|381|386|406|407|411|483|517|585|593|607|733|750|837|1320|1485|1497|1500|2400
CPVYMQSDN982,e66f23887bdf7,1541607322,6,clickout item,1175598,NL,"Amsterdam, Netherlands",mobile,,921237|42229|2705912|2870052|15980|8204770|4293266|42110|100644|9735938|3812500|1175598|4345706|42262|42097|5435502|5980296|42050|15460|42084|42276|7384214|4180166|5436856|238796,129|178|123|119|441|183|135|247|211|242|113|209|110|240|150|173|173|142|251|275|179|105|84|123|105
2B0QV1BTYB56,8f502e31157c6,1541603368,7,clickout item,49133,DE,"Paris, France",mobile,,49981|915283|49498|48650|18208|49317|931143|149853|149794|6841986|11999|83021|11908|12077|5195314|903261|119571|866781|99860|49133|1432049|3243612|49973|12082|8956470,245|288|100|157|205|132|132|164|177|164|180|147|190|130|164|202|124|145|182|183|216|116|224|256|179
9QSP29KY5VNQ,91b63e4eb012b,1541674680,7,clickout item,34478,RU,"Cancun, Mexico",mobile,,100220|4123580|5795006|2593763|10197122|34478|3249914|10319892|7150180|749911|100222|976207|100214|9228546|34449|2753406|7936340|34429|34437|3487018|34460|9633058|100226|1105612|34432,646|511|201|278|303|255|167|2102|594|606|162|250|337|137|306|123|255|371|291|152|166|122|480|54|281
TS45N75X9TMF,c80977a1da184,1541657643,51,clickout item,32805,CH,"Essen, Germany",desktop,Best Value,32805|15625|148520|6842632|25945|16065|53078|6350|14784|51659|1270036|15627|625946|6349|625881|2045469|4947770|53048|53577|51814|6500|6494|6792352|147748|3250440,56|92|96|102|67|110|84|89|86|69|60|103|37|59|66|76|25|85|89|71|74|151|38|88|40
DI58FU643F3J,7a26eefd50ddc,1541697432,21,clickout item,5080124,IN,"Digha, India",desktop,,5104822|3045886|5814028|3119408|5080124|4600528|6777910|2667252|4052858|4504526|2661656|2661658|7191730|4622834|8879412|4860514|5167692|7052482|4955364|9151614|9385268|5741860|7063662|4600308|5104810,138|85|20|18|47|51|9|65|30|42|27|58|25|38|36|31|181|45|51|44|16|56|46|20|25
X987F7EP3UC7,8b0d5113d1f3b,1541687165,19,clickout item,2799660,IN,"Rishikesh, India",desktop,,8189078|6692980|1485477|3756842|4518872|2799660|3829980|10595784|8839942|2077392|7309346|9964808|10114722|10495302|2397334|1418311|7309378|3442428|3044016|3469122|9844712|3440410|8779426|2703832|7177268,19|24|70|155|7|28|13|11|13|34|78|14|38|14|41|14|19|47|40|6|24|33|12|19|49
R9P7Z64KNEJ6,54b4e67a65bd3,1541639481,10,clickout item,34439,MX,"Cancun, Mexico",tablet,Restaurant|Focus on Distance,34448|34464|42875|2196232|42686|34435|1954167|2635372|100211|42349|1538263|1995769|1207063|100225|489176|740616|2346866|1102032|2788256|34439|34471|34414|1863185|34445|1079534,169|191|303|99|402|174|94|26|30|34|53|159|38|41|130|32|45|22|43|49|196|50|72|25|23
7485U5N5NQN6,05f84b1667c5c,1541596137,12,clickout item,5170994,PT,"Gouveia, Portugal",mobile,,2550382|1664921|85408|3842916|1499947|1270889|607696|2258394|2890586|1174148|5170994|1827039|585406|1078874|1178948|5829540|1558249|5114736|5165238|1331077|823281|1945545|6441388|2807954|1469855,115|59|40|85|48|65|43|55|199|51|42|45|62|54|50|49|49|60|55|42|150|45|45|50|45
LNEM8A0YR96U,f2254a750d063,1541656117,3,clickout item,94230,US,"Adeje, Spain",tablet,,1292968|8343718|15948|94230|107910|6987|147201|96481|1287586|15924|1451627|15947|14737|9122098|8566246|9905568|2090146|5181570|9360378|10137768|7783572|6703640|8278662|6454898|10490262,359|168|219|250|173|227|397|249|233|254|688|563|579|90|466|47|1500|186|226|349|185|409|187|128|128
F0LG79N9MH3I,3cc32015b854f,1541594308,2,clickout item,102633,FR,"Hammamet, Tunisia",desktop,,9324|96800|115870|80330|102633|9332|94689|94295|84958|118369|97299|94996|97323|1258681|2767952|113179|97109|94291|80334|81198|699556|98595|32659|9331|4028168,72|106|23|116|51|28|71|40|48|47|19|35|54|45|33|37|45|17|40|48|38|53|102|45|29
O4Q26B1MAMO0,8c27981458b3c,1541649086,1,clickout item,1311454,JP,"Nagasaki, Japan",mobile,,1311454|1023079|1552793|106147|1829873|1023101|3217058|492296|3547338|103512|3454552|1023085|1532769|2565773|1023127|346786|1023081|346906|103511|394491|1023069|1023093|103490|1023083|106167,66|67|75|42|82|69|77|62|62|81|133|63|192|77|59|125|59|101|135|60|59|52|62|123|108
RCK5V6E87D4V,1494ec1f99ff6,1541592311,45,clickout item,473966,NL,"Surabaya, Indonesia",mobile,,5967406|473966|2804484|2819180|2203136|2339894|3181338|4712850|2266594|1029584|3830000|4342294|2232410|162284|4694382|3485970|1278184|3766384|2104280|2599750|3939182|5478602|3165610|6602082|344461,35|27|35|8|18|27|34|11|29|59|18|18|15|35|43|31|15|30|18|19|21|19|15|17|29
43LGPE9GZ1F0,6db0326210d37,1541560272,3,clickout item,1837857,MY,"Malacca, Malaysia",desktop,Focus on Distance,2747350|2200950|1951613|2234280|2106324|2078356|1837927|1276951|2795631|1276949|1837857|1951653|4955934|2296830|3135176|1276943|2049083|1249895|6533028|2675408|2834278|4486810|3951568|2509287|10889144,6|15|10|8|19|9|19|10|10|13|13|22|12|12|19|7|22|20|19|10|13|19|19|6|16
138L1U5NKO9W,cd56dc6d850d5,1541696041,35,clickout item,110461,DE,"Vienna, Austria",desktop,5 Star|Hotel|Motel|Resort|Hostal (ES)|4 Star|3 Star|Free WiFi (Combined)|Breakfast Included|Sort by Price,110461|2347888|35601|35669|14425|2055984|41799|2219598|14365|41815|41817|151037|14808|41728|2556439|41702|14805|35618|14806|35656|914143|35735|35616|41818|3533528,59|73|77|77|80|87|90|91|92|92|94|97|100|100|103|104|105|105|107|108|108|109|112|112|114
79QD8GYW6I8S,f0291a926bdec,1541719711,1,clickout item,1305992,ES,"Salou, Spain",mobile,,99049|1305992|40164|110929|99047|85244|125307|3752188|9189352|198801|80904|1227456|6904604|39955|2096862|2559882|129309|3892050|1889749|126765|126793|150320|3219169|1459973|5156014,236|255|108|906|247|100|894|502|231|74|81|277|231|85|100|140|60|75|80|72|52|70|126|64|63
06T7RK93KBAT,b080b199c8083,1541679921,3,clickout item,8128154,BE,"Ghent, Belgium",desktop,Car Park,16595|8128154|54766|18253|16598|54746|18213|106042|99649|106039|7344552|1841259|54579|137375|99648|54650|54635|1387062|2653323|148528|1649107|54565|2460870|2862934|1862181,119|66|120|95|69|72|76|114|105|104|220|184|115|167|169|103|59|76|99|113|99|91|150|100|135
8Y9F64IQT0EW,32d37cf97a8c2,1541676601,6,clickout item,2047319,BR,"Foz do Iguaçu, Brazil",desktop,Car Park|Air Conditioning,2027343|1046396|2156028|2635068|2047323|2224090|1253421|2047319|2642834|2197274|6370828|4051370|5751588,35|11|30|31|34|33|33|29|29|18|33|34|31
50VV40UIVAJ0,528963722c654,1541621620,13,clickout item,9684742,BR,"Araruama, Brazil",desktop,Sort by Price,3250284|9688818|6669420|9752412|9684742|3855062|6776682|8998784|9216082,29|33|34|36|37|44|173|108|140
DPTZTWM1QA8B,936ca2b6c31f2,1541601542,1,clickout item,8219098,RO,"Arieşeni, Romania",mobile,,6352770|8219098|7744848|2285072|1700715|4099174|2285056|7902016|2881056|3201274|3201288|2497702|4540404|2454376|2496878|3192026|2015003|4955572|7905688|10208020|8396438|7020672|7357416|8137150|4012298,22|20|25|80|40|24|46|15|20|27|30|22|20|45|30|22|42|15|25|5|20|18|13|25|18
3CUEFAJ0F85R,a9e0a799fbec3,1541637446,3,clickout item,2755492,BR,"Florianópolis, Brazil",mobile,,1006983|154217|722186|104507|326681|1375176|929055|2771266|104937|1241170|104914|3133208|853216|2672828|1993165|2084994|5726892|1707319|2755492|1329066|934409|1750539|861491|104890|8266238,151|235|364|140|247|115|172|127|149|133|147|79|181|156|142|213|171|143|355|151|89|199|169|105|199
283JGEDHQHGS,e702054ef7be7,1541557295,13,clickout item,10439540,PH,"Tagaytay City, Philippines",desktop,House / Apartment,10439540|8234820|1981587|7382726|7210958|8792190|9025042|5425166|7343476|8933004|9425798|9442288|10101932|8365948|9070062,26|30|34|36|37|40|30|42|37|41|42|43|41|41|33
Z01I1IN6H00V,063e6230bb739,1541688476,10,clickout item,2776156,BR,"Foz do Iguaçu, Brazil",mobile,,1332698|2027343|478776|2164776|1656747|3175626|897701|599731|478076|107015|326946|1007291|4776526|2156028|106946|4335132|1996327|1253427|1398552|9170040|2776156|3580924|1046396|991597|3879376,63|28|24|55|28|40|113|59|44|56|36|38|36|19|51|50|56|15|37|40|28|42|11|48|48
4IX1N5UBJEXN,94cb75d1c59f1,1541596266,7,clickout item,8867708,BR,"Arraial do Cabo, Brazil",desktop,,3160346|4441180|8867708|4272064|2032823|7345552|3148435|4944054|6802740|1120397|6938300|6729196|4608146|2030481|8426064|2361616|4735342|6014550|6821976|8803546|9618842|8958148|9603714|8472058|6321950,70|71|39|54|65|38|43|91|64|50|49|39|38|57|32|57|52|62|55|72|99|198|149|86|52
DD6G7HMXQ3IX,95d6214ec454b,1541650136,37,clickout item,8177572,KR,"Chiang Mai, Thailand",desktop,Sort by Price,8177572|8903430|5199914|7417618|7906142|7989202|5499844|9352486|3815178|2845094|2281730|3867572|1717865|3229642|4390938|5406422|4662754|7879104|7920272|3884930|3217579|3813608|9752554|2353234|3994408,5|7|8|8|8|9|9|10|10|10|10|10|11|11|11|11|11|11|11|11|11|12|12|12|12
MMR8EAEL5NLY,e626d4e72684d,1541672175,2,clickout item,8270752,MY,"Krabi, Thailand",desktop,,8270752|8862702|3487006|2103500|4335362|121077|111147|112567|1083912|1446893|2019479|4325804|471501|130904|3514708|2583310|952199|101592|111139|5460952|6623762|240551|1770673|741716|1499355,37|91|60|96|40|30|190|460|63|553|58|200|47|229|52|99|197|262|86|53|50|166|82|41|31
UYF8CTLYS8XV,a0d1abc600e13,1541595786,7,clickout item,181101,BE,"Obernai, France",mobile,Sort by Price|Hotel|Resort|House / Apartment|Serviced Apartment,1082144|181101|612396|181461|9789132|5788956|8962492|2095818|81601|1714557|6425916|9129416|5834382|9398370|341521|9233586|81602,68|78|79|85|85|89|90|95|99|99|110|115|130|152|186|191|363
O7VPUQ6L5MRL,fe9695ec92a17,1541636755,24,clickout item,4155306,BR,"Rio de Janeiro, Brazil",desktop,Free WiFi (Combined)|Air Conditioning|Breakfast Included,104880|4155306|5659850|477996|150138|478121|3148916|5066908|477986|4304686|4345728|4342016|104565|623276|153550|5507706|5594652|104677|104776|109353|104866|109350|104917|5015898|106405,112|52|94|155|101|141|61|74|57|59|91|100|53|56|45|58|67|92|132|98|92|81|85|63|96
6E54FW6FTQ3N,e1ea32569195f,1541613307,3,clickout item,10766480,ES,"Elda, Spain",desktop,,91618|759151|10766480|10364716|9685350|5089258|91562|1067094|9513650|4102034|7840270|1611783|91980|5929874|4007720|8123922|10953302|9316980|10831634|10867322|6408600|9613846|8530450|8269570|5904404,68|45|30|62|50|30|55|90|450|42|41|140|61|79|52|440|246|51|95|79|60|48|96|384|90
YOVC27MTD9PW,ce04424d9ad19,1541592489,4,clickout item,492376,JP,"Urayasu, Japan",mobile,,1111345|8498246|8331694|492376|106481|4999934|1136271|1120217|2005331|380271|3539480|1978565|1006145|4333514|7919686|8165232|1412090|2045837|106152|818501|2478435|1950561|1816151|762041|3159940,103|92|85|59|76|77|97|71|82|73|92|99|65|103|93|98|89|75|92|95|74|91|81|80|86
SN39R239HUHG,77a20fa2568e6,1541706301,2,clickout item,3156234,UK,"Kamala Beach, Thailand",tablet,,989631|1335438|7807020|2880809|3156234|5099350|1388330|2022499|3189610|2889321|5158138|2605363|928771|1119933|2210258|914921|2222770|2588344|957469|1122632|1537373|2156270|1324512|80668|6817044,302|703|222|286|114|130|108|262|117|130|127|130|146|204|165|81|90|323|405|230|141|72|147|114|93
MI2V8MOWKYO2,85e95e0854895,1541689870,15,clickout item,2499536,CH,"Brussels, Belgium",desktop,Very Good Rating|Sort by Price,4041118|790476|3532566|2183546|4745312|2582033|4973822|1045768|3170626|1172551|2630848|3387426|8993566|1991941|2416417|2826375|8741526|326536|1636563|2499536|4563620|1710905|106069|54733|1000735,35|72|75|76|81|84|87|93|95|96|98|99|100|110|115|115|115|119|119|120|120|121|122|123|125
CEKERSF43QHK,886ea2ec25b1f,1541625169,25,clickout item,8107028,DE,"Frankfurt, Germany",desktop,,12816|5956|2170902|8284096|5144580|5954|1346127|2888095|5957|51387|1517909|8107028|164395|6624318|13911|51950|149454|52597|339231|153131|1770079|5990|148791|52621|5980,91|178|76|126|112|84|160|121|123|68|109|270|75|93|115|94|75|68|89|64|119|103|95|72|122
4YA3B29640E9,c2297d76775b1,1541602603,4,clickout item,10370684,FI,"Lahti, Finland",desktop,,104324|109585|2147118|104352|1147571|8979470|2643196|10370684|6549820|11275316,286|486|184|240|263|198|210|138|1602|302
RFZCKILCA8HY,e931af6836801,1541683781,4,clickout item,1812485,HK,"Hong Kong, Hong Kong",mobile,,1038152|1812485|1204728|99417|990475|54376|8513668|16545|3367984|2653156|16634|99408|99416|5960102|887849|132653|99422|2282704|16633|135556|6559504|1258070|54142|99424|16637,10|408|275|423|50|364|365|480|222|548|450|285|404|491|503|322|214|224|469|228|153|442|345|325|473
86X36RBZ370T,8faa95f160e64,1541687104,3,clickout item,2539836,ZA,"Durban, South Africa",mobile,,33980|378581|80760|1360729|35286|1946779|1553883|35281|1344987|34258|34672|9464050|35270|2539836|4563186|1489015|2074888|2379558|2804674|2319616|16797|1769371|2095274|1945657|1710149,169|294|230|203|131|144|135|224|113|526|114|388|218|59|130|153|128|175|203|121|150|106|106|92|138
KXL0C60SVUQ7,c99749d3c5c20,1541672083,11,clickout item,3500752,PH,"Cagayan de Oro, Philippines",mobile,,2628145|2378488|3132226|1001367|5848594|3500752|1001369|3500760|2212332|3500754|2101396|4567864|3504920|4331710|2212320|4287250|4512186|1837495|1184346|5055948|3761648|2212346|1837435|5165142|7138920,75|13|98|31|33|21|25|18|40|13|22|34|32|19|21|14|10|37|21|33|14|16|32|25|20
U4T7NI5ZER5M,6de05d8b56acf,1541713088,2,clickout item,971919,ES,"Benalmadena, Spain",mobile,,102856|971919|1322948|94038|7499|591256|7500|40827|121982|131104|95346|7489|127350|112244|40346|3063120|1207848|40507|1346055|7486|4354424|7490|6621302|573846|97518,20|43|54|105|70|53|73|56|39|86|90|100|36|54|59|60|59|75|99|88|40|64|81|24|68
L1PTNB3TXKMI,a63e080f4c38b,1541667008,5,clickout item,1483967,IN,"Benaulim, India",mobile,,1483967|2559054|3830022|2265108|3225120|3367754|4129902|4351916|9757126|2102562|1480999|5886288|4595750|8789852|557661|1927041|9954240|1478181|3148000|9467098|5493092|407261|1392406|9946372|120607,17|16|17|33|13|388|11|26|42|33|25|79|29|20|59|54|36|71|16|16|39|129|162|48|310
19L6065Q7BJ9,2f64c741a46dd,1541666391,3,clickout item,8235150,ZA,"Durban, South Africa",mobile,,9182004|9226952|6157002|8235150|893747|1889153|2819312|3199032|5823908|6442222|6704468|7344030|7778272|8269348|8317212|8330382,226|113|1034|28|119|144|107|103|157|219|103|144|78|154|94|119
ELA8U97Z128M,4df88ede9cd35,1541691075,4,clickout item,882279,NL,"Buenos Aires, Argentina",desktop,,324791|1324838|232671|137191|137194|2007855|137190|2282564|1571657|171567|218131|882279|1755741|324676|3974750|5192032|158120|1942151|219021|325261|1332112|219031|188006|5088010|2715707,169|174|106|113|226|169|155|89|64|157|148|144|104|350|354|253|505|140|165|219|162|157|137|148|136
ETJYUTWRH89K,b85df3eda60e9,1541582108,1,clickout item,109037,AU,"Manly, Australia",mobile,,109037|371241|109279|1253738|1980619|2301306|2633023|1253710|666901|10985354|8264996|10953088|4566880|10795686|10171140|10135164|10157294|10209344|9958160|6811748,222|105|407|97|87|77|91|79|70|177|191|517|174|254|838|395|1123|268|117|95
U0GRXHT5QK9O,411114dc7e952,1541685153,1,clickout item,2299708,PL,"Krakow, Poland",mobile,,2299708|102955|3528776|6652864|127687|107183|1655445|1271962|152786|163901|926253|2795374|7221716|2182084|3184892|108044|125181|148871|3554024|148884|3756528|2781070|102939|350206|102957,157|60|74|71|62|83|109|68|52|78|48|90|61|350|64|65|104|105|350|46|41|99|44|50|57
Z19NPUUDDD4A,1d4d962d86afb,1541571200,6,clickout item,103573,JP,"Sendai, Japan",mobile,Sort by Price,7414198|2377838|7414248|1532969|1046812|103573|1110431|8478098|1268888|1725661|508026,50|106|154|162|169|177|193|231|240|270|616
993CBW6GR7HP,21d64634c371d,1541597013,4,clickout item,5856496,MY,"Brinchang, Malaysia",mobile,,445406|5856496|3514942|1409728|364736|8413406|1579345|6678518|1579349|1259159|9760210|684656|8467512|9280204|9668228|6818434|132232|1579351|6307890|508806|6923492|1112541|9368982|8869388,48|69|47|42|77|72|62|69|30|66|126|340|131|17|53|84|123|29|59|62|88|54|64|68
LOR3CXWWTAY2,3aaaf41040d82,1541712727,3,clickout item,58203,CA,"Yuma, USA",desktop,,1104254|70123|62512|66499|60388|836281|61902|956931|73078|58827|364751|376771|2344148|1217038|64324|440551|1107962|71341|396886|58203|138726|9461280|1950401|57547|1080386,162|118|61|121|104|105|179|126|76|43|110|58|53|164|112|133|86|81|227|39|146|43|61|78|51
1CF35X69OZ1S,1e43234e7dc91,1541703082,4,clickout item,1079512,UK,"London, United Kingdom",tablet,,118777|926625|1305812|47051|47130|920457|97419|46278|880913|672126|3499776|48156|46845|98752|12869|1079512|2396136|47158|149115|970119|47412|81659|83912|1843909|6448006,80|156|125|102|111|194|195|293|331|92|175|57|155|300|254|115|148|271|272|91|137|79|153|151|275
8VUZSDZNK0QB,ca427153c12ca,1541641817,4,clickout item,488501,US,"Las Vegas, USA",mobile,,8586|67148|488501|8589|1283361|78240|1167514|8588|78241|64376|2583292|2593945|102087|936587|2593971|73554|3841898|57049|4449916|8520|8597|9978130|8595|8559|893927,116|188|160|145|321|212|220|106|215|144|92|150|192|221|165|158|169|1150|123|179|110|394|158|227|218
DF1XC3JMEUSG,da2104ad7c23e,1541653743,12,clickout item,552246,JP,"Yokohama, Japan",mobile,Focus on Rating,552246|552311|559036|961609|552286|10268300|552306|552326|1323165|3152720|673926|1213886|2154328|1014475|1646861|235951|3452192|103631|6919130|3365610|9793438|1955009|8747100|1951533|5858440,88|111|92|127|62|79|85|67|108|57|59|68|92|88|69|52|140|150|58|86|69|57|85|70|54
PLHY7W3P4FEI,807ef80c0cb62,1541700906,2,clickout item,9517382,DE,"Scheidegg, Germany",mobile,,9517382|960471|5498346|338916|1345961|151316|130048|1110186|6690872|9057484|151305|5899270|32222|1723139|3205890|465001|6658880|248957|1376847|4881834|32214|1073250|1133119|32217|5495046,154|105|148|98|100|107|104|154|103|441|103|62|92|101|160|118|94|262|234|89|150|89|104|125|84
RZQ35O7KOYKJ,5fe19146eb988,1541588670,2,clickout item,3869382,IN,"Shirdi, India",mobile,,3134194|5814182|6216026|2909952|2424935|5961188|2667328|3050704|5209224|1954105|2664824|5595366|552666|2788346|2401590|3372739|2664838|2667718|2664872|4572592|2881802|3869382|9617896|4740544|2788805,41|18|22|9|13|27|10|10|8|32|18|24|30|12|12|21|34|7|32|20|18|9|9|9|16
9BJ572HANP15,a114295ae248b,1541594833,2,clickout item,2051935,TW,"Renai Township, Taiwan",mobile,,4932406|7817172|2474237|2108538|1981591|2818832|2195754|4173488|7751130|2051935|7317584|3893520|1299472|2107792|3758870|1982271|2207096|2848436|1984215|2892811|2054126|6136780|3171420|3760696|4176482,99|71|51|64|89|140|288|82|89|51|57|51|80|57|46|47|74|71|57|90|65|65|141|141|60
